1303,nagy,ADJ
800,szép,ADJ
747,jó,ADJ
354,toldi,ADJ
317,kis,ADJ
301,egész,ADJ
249,új,ADJ
238,szegény,ADJ
235,magyar,ADJ
217,erős,ADJ
201,nehéz,ADJ
198,édes,ADJ
186,régi,ADJ
179,öreg,ADJ
170,ép,ADJ
160,vén,ADJ
152,első,ADJ
142,mély,ADJ
139,hű,ADJ
136,rossz,ADJ
133,fényes,ADJ
130,nemes,ADJ
122,vad,ADJ
117,sötét,ADJ
116,büszke,ADJ
115,könnyű,ADJ
113,kemény,ADJ
110,tiszta,ADJ
110,gyors,ADJ
108,fekete,ADJ
105,szent,ADJ
105,kedves,ADJ
105,drága,ADJ
103,zöld,ADJ
103,piros,ADJ
103,fehér,ADJ
98,magas,ADJ
98,kész,ADJ
97,ősz,ADJ
96,igaz,ADJ
91,hosszú,ADJ
88,bátor,ADJ
84,idegen,ADJ
81,szabad,ADJ
81,rövid,ADJ
79,boldog,ADJ
78,királyi,ADJ
78,földi,ADJ
74,rozgonyi,ADJ
74,bús,ADJ
72,vitéz,ADJ
72,üres,ADJ
72,széles,ADJ
71,utolsó,ADJ
71,olasz,ADJ
69,többi,ADJ
68,bölcs,ADJ
68,bő,ADJ
67,árva,ADJ
66,néma,ADJ
65,való,ADJ
65,szomorú,ADJ
65,bolond,ADJ
64,puszta,ADJ
63,kicsi,ADJ
63,hideg,ADJ
63,cseh,ADJ
62,víg,ADJ
61,örök,ADJ
58,puha,ADJ
58,fő,ADJ
57,valami,ADJ
57,hadi,ADJ
57,csóri,ADJ
57,barna,ADJ
56,szörnyű,ADJ
55,sebes,ADJ
55,gyenge,ADJ
54,fiatal,ADJ
54,derék,ADJ
54,csendes,ADJ
54,bizonyos,ADJ
53,török,ADJ
52,iszonyú,ADJ
51,nyájas,ADJ
51,gyönge,ADJ
50,méltó,ADJ
48,gazdag,ADJ
48,dicső,ADJ
47,véres,ADJ
47,ifjú,ADJ
46,apró,ADJ
45,szilaj,ADJ
45,sűrű,ADJ
45,lassú,ADJ
44,beteg,ADJ
43,tüzes,ADJ
43,laczfi,ADJ
43,ilosvai,ADJ
43,emberi,ADJ
43,élő,ADJ
42,szűk,ADJ
42,keserű,ADJ
41,jámbor,ADJ
41,fejedelmi,ADJ
40,jobb,ADJ
40,híres,ADJ
40,harmadik,ADJ
40,elég,ADJ
39,szőke,ADJ
39,deli,ADJ
38,ritka,ADJ
38,közös,ADJ
38,égi,ADJ
37,hűs,ADJ
37,hatalmas,ADJ
36,rettenetes,ADJ
36,felséges,ADJ
35,ősi,ADJ
35,mindenik,ADJ
35,második,ADJ
35,mai,ADJ
35,komoly,ADJ
35,dús,ADJ
34,úri,ADJ
34,titkos,ADJ
34,sárga,ADJ
34,harci,ADJ
34,gonosz,ADJ
34,aranyos,ADJ
33,messzi,ADJ
33,dühös,ADJ
32,német,ADJ
32,gyászos,ADJ
32,biztos,ADJ
31,vak,ADJ
31,tisztes,ADJ
31,kék,ADJ
31,hitvány,ADJ
31,egyszerű,ADJ
31,égő,ADJ
31,bal,ADJ
31,áldott,ADJ
30,vidám,ADJ
30,tompa,ADJ
30,merész,ADJ
30,kicsiny,ADJ
30,kegyetlen,ADJ
30,halvány,ADJ
29,pogány,ADJ
29,éles,ADJ
28,vándor,ADJ
28,szűz,ADJ
28,okos,ADJ
28,keserves,ADJ
28,illő,ADJ
28,halálos,ADJ
28,eleven,ADJ
28,durva,ADJ
28,boszú,ADJ
27,ragyogó,ADJ
27,meleg,ADJ
26,világos,ADJ
26,szécsi,ADJ
26,nyílt,ADJ
26,halk,ADJ
26,görbe,ADJ
26,búsan,ADJ
25,súlyos,ADJ
25,ócska,ADJ
25,negyedik,ADJ
25,kerek,ADJ
25,hősi,ADJ
25,homályos,ADJ
25,hangos,ADJ
25,gyáva,ADJ
25,déli,ADJ
24,zengő,ADJ
24,teljes,ADJ
24,rájó,ADJ
24,olcsó,ADJ
24,nemzeti,ADJ
24,friss,ADJ
24,csöndes,ADJ
24,ártatlan,ADJ
23,szelíd,ADJ
23,messze,ADJ
23,lágy,ADJ
23,haragos,ADJ
23,fáradt,ADJ
23,élt,ADJ
23,cifra,ADJ
22,vitézlő,ADJ
22,vékony,ADJ
22,udvari,ADJ
22,sík,ADJ
22,részeg,ADJ
22,női,ADJ
22,lomha,ADJ
22,kobzos,ADJ
22,holt,ADJ
22,hasztalan,ADJ
22,hasonló,ADJ
22,éjjeli,ADJ
22,bánatos,ADJ
22,1,ADJ
21,temérdek,ADJ
21,szomszéd,ADJ
21,szólott,ADJ
21,szász,ADJ
21,roppant,ADJ
21,őszi,ADJ
21,mihelyes,ADJ
21,külön,ADJ
21,honi,ADJ
21,házi,ADJ
21,ékes,ADJ
21,éhes,ADJ
20,vastag,ADJ
20,lelki,ADJ
20,koronás,ADJ
20,kegyes,ADJ
20,jövendő,ADJ
20,gyönyörű,ADJ
20,gyilkos,ADJ
19,vitézi,ADJ
19,ügyes,ADJ
19,testi,ADJ
19,tág,ADJ
19,kövér,ADJ
19,komor,ADJ
19,kolocintos,ADJ
19,ködös,ADJ
19,isteni,ADJ
19,hív,ADJ
19,hamis,ADJ
19,daliás,ADJ
19,csekély,ADJ
19,cigány,ADJ
19,boldogtalan,ADJ
19,anyai,ADJ
18,szerető,ADJ
18,rideg,ADJ
18,örökös,ADJ
18,láncs,ADJ
18,különös,ADJ
18,kopasz,ADJ
18,józan,ADJ
18,hegyes,ADJ
18,becses,ADJ
18,adott,ADJ
17,szerény,ADJ
17,szerelmes,ADJ
17,száraz,ADJ
17,római,ADJ
17,hosszas,ADJ
17,hiú,ADJ
17,hegyi,ADJ
17,halandó,ADJ
17,goromba,ADJ
17,futó,ADJ
16,végső,ADJ
16,téli,ADJ
16,székely,ADJ
16,özvegy,ADJ
16,nyugodt,ADJ
16,losonczi,ADJ
16,keskeny,ADJ
16,képes,ADJ
16,helyes,ADJ
16,folyó,ADJ
16,érdemes,ADJ
16,enyhe,ADJ
16,elsőbb,ADJ
16,csúnya,ADJ
16,asszonyi,ADJ
15,vert,ADJ
15,várt,ADJ
15,úti,ADJ
15,tetemes,ADJ
15,szürke,ADJ
15,szellemi,ADJ
15,poros,ADJ
15,ostoba,ADJ
15,nyers,ADJ
15,nemzetes,ADJ
15,mostani,ADJ
15,mérges,ADJ
15,lovagi,ADJ
15,lehetetlen,ADJ
15,kettős,ADJ
15,hajnali,ADJ
15,fürge,ADJ
15,forró,ADJ
15,dundi,ADJ
15,álló,ADJ
14,völgyi,ADJ
14,teli,ADJ
14,tábori,ADJ
14,szűzi,ADJ
14,lovas,ADJ
14,kurta,ADJ
14,kínos,ADJ
14,kétes,ADJ
14,késő,ADJ
14,jeles,ADJ
14,gyermeki,ADJ
14,fegyveres,ADJ
14,budai,ADJ
14,benső,ADJ
14,apai,ADJ
14,álmos,ADJ
13,veszedelmes,ADJ
13,tündéri,ADJ
13,rokon,ADJ
13,nyári,ADJ
13,méla,ADJ
13,kiséri,ADJ
13,júl,ADJ
13,játszi,ADJ
13,hulló,ADJ
13,hajdani,ADJ
13,gyér,ADJ
13,gondos,ADJ
13,fagyos,ADJ
12,virágos,ADJ
12,világi,ADJ
12,tekenő,ADJ
12,tegnapi,ADJ
12,szokatlan,ADJ
12,szíves,ADJ
12,szerencsés,ADJ
12,rendes,ADJ
12,óriás,ADJ
12,meredek,ADJ
12,magasztos,ADJ
12,ismeretlen,ADJ
12,hún,ADJ
12,hasznos,ADJ
12,halott,ADJ
12,gaz,ADJ
12,furcsa,ADJ
12,elleni,ADJ
12,egyes,ADJ
12,csodás,ADJ
12,buzgó,ADJ
12,ádáz,ADJ
12,5,ADJ
11,zúgó,ADJ
11,tágas,ADJ
11,szigorú,ADJ
11,rongyos,ADJ
11,rohanó,ADJ
11,ravasz,ADJ
11,otromba,ADJ
11,ösi,ADJ
11,nyugvó,ADJ
11,nápolyi,ADJ
11,mosolygó,ADJ
11,különb,ADJ
11,kora,ADJ
11,kopár,ADJ
11,kies,ADJ
11,kezd,ADJ
11,kénytelen,ADJ
11,hős,ADJ
11,holnapi,ADJ
11,garázda,ADJ
11,fénylő,ADJ
11,eszes,ADJ
11,erőtlen,ADJ
11,egyenlő,ADJ
11,dőre,ADJ
11,bűnös,ADJ
11,becsületes,ADJ
11,baráti,ADJ
11,aljas,ADJ
10,zsidó,ADJ
10,zászlós,ADJ
10,zagyva,ADJ
10,vörös,ADJ
10,tudnilli,ADJ
10,szoros,ADJ
10,sült,ADJ
10,silány,ADJ
10,rettentő,ADJ
10,remek,ADJ
10,pesti,ADJ
10,ötödik,ADJ
10,őrült,ADJ
10,olyan,ADJ
10,nyomorú,ADJ
10,mohó,ADJ
10,meztelen,ADJ
10,mennyei,ADJ
10,meddő,ADJ
10,magános,ADJ
10,lenge,ADJ
10,kopott,ADJ
10,keleti,ADJ
10,kéklő,ADJ
10,ismert,ADJ
10,ijedt,ADJ
10,igazi,ADJ
10,idős,ADJ
10,halotti,ADJ
10,függő,ADJ
10,félénk,ADJ
10,esti,ADJ
10,elhunyt,ADJ
10,díszes,ADJ
10,dagadó,ADJ
10,átkozott,ADJ
10,árnyas,ADJ
10,ali,ADJ
10,alacsony,ADJ
9,zsíros,ADJ
9,vízi,ADJ
9,vegyes,ADJ
9,végtelen,ADJ
9,válogatott,ADJ
9,vakmerő,ADJ
9,töredék,ADJ
9,tholdi,ADJ
9,testvéri,ADJ
9,tehetetlen,ADJ
9,tátos,ADJ
9,tanult,ADJ
9,szózatos,ADJ
9,sovány,ADJ
9,sima,ADJ
9,sietős,ADJ
9,sápadt,ADJ
9,rozsdás,ADJ
9,ronda,ADJ
9,rémes,ADJ
9,pártos,ADJ
9,papi,ADJ
9,omló,ADJ
9,nevezetes,ADJ
9,népes,ADJ
9,néhai,ADJ
9,nagyságos,ADJ
9,mezei,ADJ
9,mért,ADJ
9,lebegő,ADJ
9,látott,ADJ
9,költői,ADJ
9,képtelen,ADJ
9,káros,ADJ
9,játszó,ADJ
9,izzó,ADJ
9,illatos,ADJ
9,halovány,ADJ
9,felső,ADJ
9,falusi,ADJ
9,előbbi,ADJ
9,elegendő,ADJ
9,eladó,ADJ
9,éktelen,ADJ
9,dámi,ADJ
9,dacos,ADJ
9,csillogó,ADJ
9,csalfa,ADJ
9,bérci,ADJ
9,arcú,ADJ
9,állandó,ADJ
9,alföldi,ADJ
8,zord,ADJ
8,zavaros,ADJ
8,vezető,ADJ
8,vett,ADJ
8,veszélyes,ADJ
8,veres,ADJ
8,vadászi,ADJ
8,tüzesen,ADJ
8,tett,ADJ
8,tens,ADJ
8,telegdi,ADJ
8,született,ADJ
8,színes,ADJ
8,szilárd,ADJ
8,szilágyi,ADJ
8,szárnyas,ADJ
8,szalontai,ADJ
8,szaladó,ADJ
8,solymosi,ADJ
8,sivár,ADJ
8,siket,ADJ
8,rekedt,ADJ
8,őszinte,ADJ
8,őrálló,ADJ
8,öklelő,ADJ
8,öblös,ADJ
8,mindeni,ADJ
8,maroknyi,ADJ
8,legelső,ADJ
8,leányi,ADJ
8,láthatatlan,ADJ
8,kietlen,ADJ
8,kezde,ADJ
8,jelen,ADJ
8,hűséges,ADJ
8,holdas,ADJ
8,heves,ADJ
8,heverő,ADJ
8,hetedik,ADJ
8,hármas,ADJ
8,győztes,ADJ
8,gyarló,ADJ
8,görög,ADJ
8,garaboncás,ADJ
8,fontos,ADJ
8,feszes,ADJ
8,elhagyott,ADJ
8,egyforma,ADJ
8,egyenes,ADJ
8,csodálatos,ADJ
8,csillagos,ADJ
8,buta,ADJ
8,bősz,ADJ
8,borzasztó,ADJ
8,belső,ADJ
8,békés,ADJ
8,átkos,ADJ
7,zsenge,ADJ
7,záros,ADJ
7,vezéri,ADJ
7,velszi,ADJ
7,vaskos,ADJ
7,várbeli,ADJ
7,unalmas,ADJ
7,törött,ADJ
7,tömött,ADJ
7,tilos,ADJ
7,tarka,ADJ
7,szótlan,ADJ
7,szondi,ADJ
7,szemes,ADJ
7,szellős,ADJ
7,sokféle,ADJ
7,siralmas,ADJ
7,sanyarú,ADJ
7,rőt,ADJ
7,riadó,ADJ
7,renyhe,ADJ
7,remegő,ADJ
7,rakott,ADJ
7,parányi,ADJ
7,páncélos,ADJ
7,ördögi,ADJ
7,nyakaló,ADJ
7,napi,ADJ
7,mozgó,ADJ
7,mézes,ADJ
7,ménes,ADJ
7,makacs,ADJ
7,lombos,ADJ
7,lesi,ADJ
7,lelkes,ADJ
7,legföl,ADJ
7,lanyha,ADJ
7,külső,ADJ
7,kósza,ADJ
7,kivont,ADJ
7,kincses,ADJ
7,kényes,ADJ
7,kelő,ADJ
7,karcsú,ADJ
7,kanizsai,ADJ
7,kaján,ADJ
7,izzadt,ADJ
7,ismeretes,ADJ
7,irtózatos,ADJ
7,ijesztő,ADJ
7,hűvös,ADJ
7,hűtlen,ADJ
7,hun,ADJ
7,hú,ADJ
7,hatodik,ADJ
7,hallatlan,ADJ
7,habzó,ADJ
7,gyalázatos,ADJ
7,gúnyos,ADJ
7,fiai,ADJ
7,festett,ADJ
7,évi,ADJ
7,érett,ADJ
7,együgyű,ADJ
7,diadalmas,ADJ
7,degesz,ADJ
7,csonka,ADJ
7,butkai,ADJ
7,bűbájos,ADJ
7,boros,ADJ
7,bandi,ADJ
7,angol,ADJ
7,alvó,ADJ
7,álnok,ADJ
7,a,ADJ
6,zordon,ADJ
6,zavart,ADJ
6,viharos,ADJ
6,vidor,ADJ
6,vészes,ADJ
6,végi,ADJ
6,védő,ADJ
6,váratlan,ADJ
6,valóságos,ADJ
6,valódi,ADJ
6,útjó,ADJ
6,tündöklő,ADJ
6,tudós,ADJ
6,tornyos,ADJ
6,tiszteletes,ADJ
6,tetszős,ADJ
6,tészi,ADJ
6,természetes,ADJ
6,tenyérnyi,ADJ
6,temetetlen,ADJ
6,tárogató,ADJ
6,szükséges,ADJ
6,szokott,ADJ
6,szívbeli,ADJ
6,szerelmi,ADJ
6,szende,ADJ
6,személyes,ADJ
6,szélső,ADJ
6,sötétlő,ADJ
6,síró,ADJ
6,síri,ADJ
6,senkis,ADJ
6,rút,ADJ
6,rejtett,ADJ
6,reggeli,ADJ
6,pompás,ADJ
6,pirosabb,ADJ
6,parti,ADJ
6,páros,ADJ
6,pajkos,ADJ
6,otthonos,ADJ
6,ostromló,ADJ
6,összes,ADJ
6,önző,ADJ
6,oláh,ADJ
6,ó,ADJ
6,nyugtalan,ADJ
6,nevető,ADJ
6,mogorva,ADJ
6,miklós,ADJ
6,merően,ADJ
6,merő,ADJ
6,merev,ADJ
6,méltóságos,ADJ
6,méltatlan,ADJ
6,léptei,ADJ
6,lapos,ADJ
6,küldött,ADJ
6,közül,ADJ
6,közönyös,ADJ
6,koros,ADJ
6,kevély,ADJ
6,kedvi,ADJ
6,ízes,ADJ
6,írott,ADJ
6,illatozó,ADJ
6,hófehér,ADJ
6,hires,ADJ
6,hímzett,ADJ
6,hédervári,ADJ
6,harsány,ADJ
6,harmatos,ADJ
6,haldokló,ADJ
6,hajlott,ADJ
6,hajadon,ADJ
6,gyanús,ADJ
6,gondolati,ADJ
6,gőgös,ADJ
6,francia,ADJ
6,forgó,ADJ
6,fogad,ADJ
6,finom,ADJ
6,féltő,ADJ
6,fekvő,ADJ
6,fakó,ADJ
6,eszeveszett,ADJ
6,ért,ADJ
6,ereszkedvés,ADJ
6,erdei,ADJ
6,élénk,ADJ
6,egyetlen,ADJ
6,csúf,ADJ
6,csinos,ADJ
6,birodalmi,ADJ
6,balgatag,ADJ
6,ázott,ADJ
6,áruló,ADJ
6,aléltan,ADJ
6,alélt,ADJ
6,agg,ADJ
5,zsémbes,ADJ
5,zárt,ADJ
5,zajos,ADJ
5,viruló,ADJ
5,virágzó,ADJ
5,világtalan,ADJ
5,vídám,ADJ
5,vetett,ADJ
5,ve,ADJ
5,változatos,ADJ
5,útas,ADJ
5,úszó,ADJ
5,üstökös,ADJ
5,ünnepi,ADJ
5,túlsó,ADJ
5,tizedik,ADJ
5,tiszti,ADJ
5,tavaszi,ADJ
5,szúrós,ADJ
5,szorult,ADJ
5,szomorún,ADJ
5,szóló,ADJ
5,szolgáló,ADJ
5,sziv,ADJ
5,sziklás,ADJ
5,szigorún,ADJ
5,szentséges,ADJ
5,szennyes,ADJ
5,szakadt,ADJ
5,száguldó,ADJ
5,szabadelvű,ADJ
5,susogó,ADJ
5,suhogó,ADJ
5,sisakos,ADJ
5,savanyú,ADJ
5,rozzant,ADJ
5,rokoni,ADJ
5,rezgő,ADJ
5,reszkető,ADJ
5,rendületlenül,ADJ
5,prágai,ADJ
5,pici,ADJ
5,örvendő,ADJ
5,ordas,ADJ
5,ölő,ADJ
5,ölnyi,ADJ
5,oktalan,ADJ
5,nyirkos,ADJ
5,nevű,ADJ
5,nélkűli,ADJ
5,nedves,ADJ
5,nagyfejű,ADJ
5,mosolygós,ADJ
5,mesteri,ADJ
5,mennydörgő,ADJ
5,marci,ADJ
5,maradó,ADJ
5,magyaros,ADJ
5,ma,ADJ
5,lyány,ADJ
5,lusta,ADJ
5,látható,ADJ
5,látatlan,ADJ
5,lágyabb,ADJ
5,következő,ADJ
5,kötött,ADJ
5,kortesi,ADJ
5,könnyes,ADJ
5,kompolti,ADJ
5,költő,ADJ
5,kezi,ADJ
5,kétszeres,ADJ
5,képzelt,ADJ
5,kenyeres,ADJ
5,kékes,ADJ
5,kardos,ADJ
5,jutott,ADJ
5,jövő,ADJ
5,jan,ADJ
5,ismerős,ADJ
5,illyésházi,ADJ
5,ifi,ADJ
5,idétlen,ADJ
5,hozott,ADJ
5,hízelgő,ADJ
5,híg,ADJ
5,havas,ADJ
5,hányféle,ADJ
5,hangosabb,ADJ
5,hamisan,ADJ
5,hálás,ADJ
5,hagy,ADJ
5,győzedelmes,ADJ
5,gyötrő,ADJ
5,gömbölyű,ADJ
5,füstös,ADJ
5,fondi,ADJ
5,fojtó,ADJ
5,férfias,ADJ
5,ferde,ADJ
5,feketébb,ADJ
5,fehérlő,ADJ
5,feddő,ADJ
5,fali,ADJ
5,fájós,ADJ
5,fájó,ADJ
5,fájdalmas,ADJ
5,ezerféle,ADJ
5,érő,ADJ
5,erdős,ADJ
5,erdélyi,ADJ
5,elveszett,ADJ
5,elszánt,ADJ
5,ellenséges,ADJ
5,éjféli,ADJ
5,egyszeri,ADJ
5,édesdeden,ADJ
5,dölyfös,ADJ
5,dicsően,ADJ
5,derekabb,ADJ
5,dali,ADJ
5,csillámló,ADJ
5,cselédi,ADJ
5,bűvös,ADJ
5,buja,ADJ
5,bosszuló,ADJ
5,borongó,ADJ
5,bokros,ADJ
5,biztató,ADJ
5,bizalmas,ADJ
5,beszédi,ADJ
5,barátságos,ADJ
5,bajos,ADJ
5,bágyadt,ADJ
5,akkori,ADJ
5,ajki,ADJ
5,ábrándos,ADJ
4,zimankós,ADJ
4,zamatos,ADJ
4,vont,ADJ
4,volt,ADJ
4,vizes,ADJ
4,virgonc,ADJ
4,vidéki,ADJ
4,veszendő,ADJ
4,véresen,ADJ
4,verdesi,ADJ
4,venyigés,ADJ
4,vendégi,ADJ
4,véknyan,ADJ
4,végzetes,ADJ
4,vaksi,ADJ
4,ütött-kopott,ADJ
4,utóbbi,ADJ
4,ütési,ADJ
4,űlő,ADJ
4,üde,ADJ
4,tudákos,ADJ
4,tud,ADJ
4,további,ADJ
4,törvényes,ADJ
4,törpe,ADJ
4,tornyai,ADJ
4,tomboló,ADJ
4,tetsző,ADJ
4,tetemi,ADJ
4,terített,ADJ
4,terhes,ADJ
4,tengeri,ADJ
4,telhetetlen,ADJ
4,tekintetes,ADJ
4,te,ADJ
4,távoli,ADJ
4,tavalyi,ADJ
4,tátosi,ADJ
4,tart,ADJ
4,támadó,ADJ
4,táltos,ADJ
4,tagadó,ADJ
4,szúrt,ADJ
4,szüntelen,ADJ
4,szűlő,ADJ
4,színű,ADJ
4,szeszélyes,ADJ
4,szeri,ADJ
4,szerencsétlen,ADJ
4,szerecsen,ADJ
4,szept,ADJ
4,szenvedő,ADJ
4,szenes,ADJ
4,szegi,ADJ
4,szapora,ADJ
4,szánt,ADJ
4,szálas,ADJ
4,sulyos,ADJ
4,sivatag,ADJ
4,sirató,ADJ
4,sánta,ADJ
4,sanda,ADJ
4,rózsaszín,ADJ
4,röpülő,ADJ
4,rezes,ADJ
4,repeső,ADJ
4,rémült,ADJ
4,rekkenő,ADJ
4,pusztai,ADJ
4,pünkösdi,ADJ
4,pokoli,ADJ
4,pirosló,ADJ
4,parázs,ADJ
4,pajzán,ADJ
4,óvatos,ADJ
4,összeomlott,ADJ
4,oltári,ADJ
4,öldöklő,ADJ
4,ohajtás,ADJ
4,ő,ADJ
4,nyuló,ADJ
4,nyugott,ADJ
4,nyomorult,ADJ
4,nyitott,ADJ
4,nyíló,ADJ
4,névnapi,ADJ
4,néptelen,ADJ
4,nélküli,ADJ
4,nehézkes,ADJ
4,nappali,ADJ
4,múló,ADJ
4,mostoha,ADJ
4,morva,ADJ
4,mondati,ADJ
4,mohos,ADJ
4,mindennapi,ADJ
4,micsodás,ADJ
4,mennydörgős,ADJ
4,megvetett,ADJ
4,megvert,ADJ
4,megszállott,ADJ
4,megölt,ADJ
4,megért,ADJ
4,magasb,ADJ
4,magánosan,ADJ
4,magán,ADJ
4,lóhátas,ADJ
4,lobogós,ADJ
4,liberális,ADJ
4,levő,ADJ
4,leveles,ADJ
4,lehető,ADJ
4,légi,ADJ
4,lázas,ADJ
4,laza,ADJ
4,látszó,ADJ
4,lakozó,ADJ
4,lábadt,ADJ
4,kutya,ADJ
4,különböző,ADJ
4,külföldi,ADJ
4,kolos,ADJ
4,kölcsönös,ADJ
4,kíváncsi,ADJ
4,kisértő,ADJ
4,kerti,ADJ
4,kellő,ADJ
4,kékszemű,ADJ
4,kékellő,ADJ
4,karimás,ADJ
4,jós,ADJ
4,jóféle,ADJ
4,jeges,ADJ
4,jártas,ADJ
4,izmos,ADJ
4,iszonyún,ADJ
4,iszonyúbb,ADJ
4,írt,ADJ
4,irigy,ADJ
4,irgalmatlan,ADJ
4,ilyes,ADJ
4,idősb,ADJ
4,huszas,ADJ
4,hűn,ADJ
4,hivatlan,ADJ
4,hitszegő,ADJ
4,hindu,ADJ
4,hímes,ADJ
4,hihető,ADJ
4,hi,ADJ
4,heveny,ADJ
4,hetyke,ADJ
4,hervatag,ADJ
4,hazátlan,ADJ
4,harcias,ADJ
4,halottas,ADJ
4,hallgatag,ADJ
4,hallati,ADJ
4,haladott,ADJ
4,haladó,ADJ
4,győzelmi,ADJ
4,gyöngyös,ADJ
4,gyöngéd,ADJ
4,gyöngébb,ADJ
4,gyéren,ADJ
4,gyakorlott,ADJ
4,gyakori,ADJ
4,géci,ADJ
4,gazdátlan,ADJ
4,garai,ADJ
4,fűzött,ADJ
4,fürtös,ADJ
4,független,ADJ
4,fölös,ADJ
4,föllegi,ADJ
4,földalatti,ADJ
4,fogas,ADJ
4,főfő,ADJ
4,felényi,ADJ
4,féle,ADJ
4,fedetlen,ADJ
4,fájdalmi,ADJ
4,ezent,ADJ
4,esztelen,ADJ
4,esdő,ADJ
4,érző,ADJ
4,ereszt,ADJ
4,emelt,ADJ
4,éltes,ADJ
4,éli,ADJ
4,elhagy,ADJ
4,életerős,ADJ
4,ekkép,ADJ
4,egy,ADJ
4,egri,ADJ
4,égető,ADJ
4,eddigi,ADJ
4,éber,ADJ
4,dohos,ADJ
4,divatos,ADJ
4,diridongó,ADJ
4,diadalmi,ADJ
4,derült,ADJ
4,csupasz,ADJ
4,csúfos,ADJ
4,csoportosan,ADJ
4,csintalan,ADJ
4,császári,ADJ
4,csapodár,ADJ
4,csalárd,ADJ
4,című,ADJ
4,bosszús,ADJ
4,bosszuálló,ADJ
4,becstelen,ADJ
4,bajvívó,ADJ
4,bajtársi,ADJ
4,bajnoki,ADJ
4,asszu,ADJ
4,árú,ADJ
4,ármányos,ADJ
4,aluvó,ADJ
4,alsó,ADJ
4,állott,ADJ
4,akaratlan,ADJ
4,ajaki,ADJ
4,adta,ADJ
4,adós,ADJ
4,10,ADJ
3,zsoldosi,ADJ
3,zsarnoki,ADJ
3,zöldellő,ADJ
3,zizegő,ADJ
3,zajosabb,ADJ
3,weiss,ADJ
3,visszás,ADJ
3,vigyori,ADJ
3,vezet,ADJ
3,vétkes,ADJ
3,vetetlen,ADJ
3,vet,ADJ
3,vérző,ADJ
3,verses,ADJ
3,vénebb,ADJ
3,vélt,ADJ
3,vég,ADJ
3,városbeli,ADJ
3,váró,ADJ
3,várdöntő,ADJ
3,változó,ADJ
3,üvöltő,ADJ
3,útfelen,ADJ
3,üsdi,ADJ
3,ünneplő,ADJ
3,ült,ADJ
3,üldözött,ADJ
3,úgynevezett,ADJ
3,ü,ADJ
3,tulajdonított,ADJ
3,tökéletes,ADJ
3,tizenkettedik,ADJ
3,tizenegy,ADJ
3,tisztelt,ADJ
3,tinódi,ADJ
3,tekervényes,ADJ
3,tátongó,ADJ
3,társas,ADJ
3,táplált,ADJ
3,tapasztalt,ADJ
3,tanú,ADJ
3,tanári,ADJ
3,találós,ADJ
3,szülte,ADJ
3,szükségtelen,ADJ
3,szőtt,ADJ
3,szótalan,ADJ
3,szőrös,ADJ
3,szomszédi,ADJ
3,szomjas,ADJ
3,szokási,ADJ
3,szófogadó,ADJ
3,szivén,ADJ
3,sziszegő,ADJ
3,szines,ADJ
3,szikrázó,ADJ
3,szétszórt,ADJ
3,szeredai,ADJ
3,szépséges,ADJ
3,szentebb,ADJ
3,szemtelenül,ADJ
3,szemtelen,ADJ
3,szemi,ADJ
3,szemét,ADJ
3,szemesen,ADJ
3,széltül,ADJ
3,szeleburdi,ADJ
3,szedett,ADJ
3,szécsényi,ADJ
3,százféle,ADJ
3,századik,ADJ
3,szaporább,ADJ
3,szakállas,ADJ
3,szakadatlan,ADJ
3,szabott,ADJ
3,szabadúlás,ADJ
3,suta,ADJ
3,süket,ADJ
3,sötétes,ADJ
3,sirás,ADJ
3,sereglő,ADJ
3,seregesen,ADJ
3,semmisül,ADJ
3,sejtelmes,ADJ
3,rútabb,ADJ
3,ruhás,ADJ
3,rugás,ADJ
3,rózsaszinű,ADJ
3,ropogó,ADJ
3,romlott,ADJ
3,riadalmas,ADJ
3,részes,ADJ
3,rendű,ADJ
3,rendi,ADJ
3,rendelt,ADJ
3,regényes,ADJ
3,recsegő,ADJ
3,ravaszul,ADJ
3,púpos,ADJ
3,posványi,ADJ
3,pohos,ADJ
3,pitykés,ADJ
3,pillanatnyi,ADJ
3,pihenő,ADJ
3,percnyi,ADJ
3,penészes,ADJ
3,párosan,ADJ
3,páris,ADJ
3,paripájó,ADJ
3,övezte,ADJ
3,ostromlott,ADJ
3,őrző,ADJ
3,orvosi,ADJ
3,örvendetes,ADJ
3,országos,ADJ
3,óriási,ADJ
3,orcátlan,ADJ
3,ömlő,ADJ
3,olyas,ADJ
3,olvasatlan,ADJ
3,öltőbeli,ADJ
3,öltő,ADJ
3,ölelő,ADJ
3,oldott,ADJ
3,olaszos,ADJ
3,okt,ADJ
3,nyúlánk,ADJ
3,nyűgös,ADJ
3,nyughatatlan,ADJ
3,nyomatékos,ADJ
3,nyolcadik,ADJ
3,nyilvető,ADJ
3,nyili,ADJ
3,nyert,ADJ
3,nyelvi,ADJ
3,nyalka,ADJ
3,nőttön,ADJ
3,neveletlen,ADJ
3,népies,ADJ
3,népesebb,ADJ
3,nem-földi,ADJ
3,nemesen,ADJ
3,ne'k,ADJ
3,negédes,ADJ
3,nagy-hirtelen,ADJ
3,művészi,ADJ
3,múlt,ADJ
3,mitevő,ADJ
3,mindentudó,ADJ
3,mindenható,ADJ
3,milyen,ADJ
3,metsző,ADJ
3,mesés,ADJ
3,mennyezetes,ADJ
3,mennybéli,ADJ
3,mélységes,ADJ
3,mátkai,ADJ
3,maros,ADJ
3,márc,ADJ
3,mámorosan,ADJ
3,magzati,ADJ
3,magyarosan,ADJ
3,magosan,ADJ
3,lyukas,ADJ
3,lihegő,ADJ
3,lengyel,ADJ
3,lengő,ADJ
3,léha,ADJ
3,legyilkolt,ADJ
3,legbajnok,ADJ
3,leendő,ADJ
3,lecsapó,ADJ
3,lát,ADJ
3,lányi,ADJ
3,lantos,ADJ
3,langy,ADJ
3,lángoló,ADJ
3,láncos,ADJ
3,lakott,ADJ
3,kuruc,ADJ
3,küld,ADJ
3,kulcsos,ADJ
3,közti,ADJ
3,köznapi,ADJ
3,középső,ADJ
3,köves,ADJ
3,kormos,ADJ
3,kóborló,ADJ
3,kő,ADJ
3,kiszolgált,ADJ
3,kínai,ADJ
3,kilencedik,ADJ
3,kezdendő,ADJ
3,kevélyen,ADJ
3,kétélű,ADJ
3,készűlés,ADJ
3,kései,ADJ
3,kerített,ADJ
3,képi,ADJ
3,kellemes,ADJ
3,kedélyes,ADJ
3,káromló,ADJ
3,kárhozatos,ADJ
3,kapzsi,ADJ
3,kapott,ADJ
3,jószivű,ADJ
3,jókedvű,ADJ
3,jelesebb,ADJ
3,járó,ADJ
3,járatlan,ADJ
3,ízű,ADJ
3,iszonyatos,ADJ
3,istenverte,ADJ
3,istenadta,ADJ
3,irtóztató,ADJ
3,ír,ADJ
3,intő,ADJ
3,ingerlő,ADJ
3,ilyenforma,ADJ
3,illyes,ADJ
3,ígért,ADJ
3,igazítni,ADJ
3,ifjabbik,ADJ
3,hórihorgas,ADJ
3,hódolt,ADJ
3,hívó,ADJ
3,híves,ADJ
3,hiv,ADJ
3,hihetetlen,ADJ
3,higgadt,ADJ
3,hibás,ADJ
3,héti,ADJ
3,hegyesen,ADJ
3,hegedős,ADJ
3,hazai,ADJ
3,hátulsó,ADJ
3,hatalmasan,ADJ
3,haragunni,ADJ
3,haragosan,ADJ
3,haragosabb,ADJ
3,hamari,ADJ
3,halt,ADJ
3,hallott,ADJ
3,halavány,ADJ
3,hajú,ADJ
3,hajló,ADJ
3,háborús,ADJ
3,gyötrelmes,ADJ
3,gyöngéden,ADJ
3,gyémántos,ADJ
3,gonoszabb,ADJ
3,gőgösen,ADJ
3,fúvó,ADJ
3,futosó,ADJ
3,füles,ADJ
3,fukar,ADJ
3,forgat,ADJ
3,fonák,ADJ
3,fölséges,ADJ
3,fölkeres,ADJ
3,fölemelt,ADJ
3,fojtott,ADJ
3,foglalt,ADJ
3,fogatlan,ADJ
3,födeles,ADJ
3,főbbi,ADJ
3,fizető,ADJ
3,figyelmes,ADJ
3,feszült,ADJ
3,festi,ADJ
3,fertelmes,ADJ
3,férges,ADJ
3,felvont,ADJ
3,félszemű,ADJ
3,fellengő,ADJ
3,felkölt,ADJ
3,felkiáltó,ADJ
3,fejt,ADJ
3,fejes,ADJ
3,fásult,ADJ
3,fanyar,ADJ
3,faltörő,ADJ
3,fakadó,ADJ
3,északi,ADJ
3,esteli,ADJ
3,értelmes,ADJ
3,érmelléki,ADJ
3,éretlen,ADJ
3,eredeti,ADJ
3,épületes,ADJ
3,enyhűlés,ADJ
3,enyelgő,ADJ
3,emésztő,ADJ
3,embertelen,ADJ
3,elvont,ADJ
3,eltűnt,ADJ
3,éltető,ADJ
3,eltemetett,ADJ
3,elrejtett,ADJ
3,előljáró,ADJ
3,ellenkező,ADJ
3,elköltözött,ADJ
3,elesett,ADJ
3,elért,ADJ
3,elégszer,ADJ
3,egykori,ADJ
3,egyhangú,ADJ
3,egyenlőn,ADJ
3,egyéni,ADJ
3,égett,ADJ
3,egészséges,ADJ
3,edzett,ADJ
3,domború,ADJ
3,dögleletes,ADJ
3,dísztelen,ADJ
3,délcegen,ADJ
3,debreceni,ADJ
3,csudás,ADJ
3,csörgő,ADJ
3,csikós,ADJ
3,csattogó,ADJ
3,csapási,ADJ
3,civódó,ADJ
3,büvös,ADJ
3,búvó,ADJ
3,buksi,ADJ
3,bujdosó,ADJ
3,büdös,ADJ
3,búbánatos,ADJ
3,bozontos,ADJ
3,botos,ADJ
3,boszus,ADJ
3,bosszantó,ADJ
3,borzas,ADJ
3,bolondos,ADJ
3,bölcsebb,ADJ
3,bohó,ADJ
3,bizodalmas,ADJ
3,bevett,ADJ
3,beszerzett,ADJ
3,beszédes,ADJ
3,béna,ADJ
3,bécsi,ADJ
3,becsesb,ADJ
3,bátrabb,ADJ
3,bátori,ADJ
3,bámuló,ADJ
3,balga,ADJ
3,bájos,ADJ
3,atyámfiai,ADJ
3,asztali,ADJ
3,ásott,ADJ
3,árvai,ADJ
3,anyátlan,ADJ
3,andrási,ADJ
3,álmatlan,ADJ
3,alkotó,ADJ
3,alkalmi,ADJ
3,alkalmas,ADJ
3,áldatlan,ADJ
3,alázatos,ADJ
3,alán,ADJ
3,ajánló,ADJ
3,agyafúrt,ADJ
3,aggódó,ADJ
3,ag,ADJ
3,ablaki,ADJ
3,2,ADJ
3,1847,ADJ
2,zsivány,ADJ
2,zománcos,ADJ
2,zöldebb,ADJ
2,zokogó,ADJ
2,zilált,ADJ
2,zajtele,ADJ
2,zabos,ADJ
2,vizi,ADJ
2,vizenyős,ADJ
2,vivó,ADJ
2,viselős,ADJ
2,visegrádi,ADJ
2,virági,ADJ
2,viradatt,ADJ
2,villogó,ADJ
2,villámi,ADJ
2,vigasztaló,ADJ
2,vidorabb,ADJ
2,Vídám,ADJ
2,vi,ADJ
2,vézna,ADJ
2,vezette,ADJ
2,vesszős,ADJ
2,vértarajos,ADJ
2,vérszomjas,ADJ
2,vérszín,ADJ
2,vérpirosan,ADJ
2,vérpiros,ADJ
2,verőfényes,ADJ
2,verő,ADJ
2,vérmes,ADJ
2,veresebb,ADJ
2,vérbül,ADJ
2,vékonypénzű,ADJ
2,vékonyan,ADJ
2,véges,ADJ
2,védtelen,ADJ
2,védelmi,ADJ
2,védegyleti,ADJ
2,vásott,ADJ
2,vasas,ADJ
2,vasárnapi,ADJ
2,váross,ADJ
2,városi,ADJ
2,válogató,ADJ
2,választott,ADJ
2,vakmerőn,ADJ
2,vakító,ADJ
2,vakabb,ADJ
2,vágott,ADJ
2,vadménes,ADJ
2,üzeneti,ADJ
2,utcai,ADJ
2,Útas,ADJ
2,uratlan,ADJ
2,ünnepélyes,ADJ
2,undoritóbb,ADJ
2,undok,ADJ
2,ülési,ADJ
2,ujjnyi,ADJ
2,ügyi,ADJ
2,ügyetlen,ADJ
2,ügyefogyott,ADJ
2,ugrós,ADJ
2,üdvözlő,ADJ
2,üdvös,ADJ
2,tűzokádó,ADJ
2,tűzi,ADJ
2,tűrő,ADJ
2,túri,ADJ
2,türelmes,ADJ
2,túli,ADJ
2,trágár,ADJ
2,tövises,ADJ
2,tövis,ADJ
2,töves,ADJ
2,történt,ADJ
2,tömör,ADJ
2,tolvajlámpás,ADJ
2,tolongó,ADJ
2,tokaji,ADJ
2,tojási,ADJ
2,többféle,ADJ
2,több,ADJ
2,tisztességes,ADJ
2,tiszteletbeli,ADJ
2,tiszaháti,ADJ
2,tetti,ADJ
2,tetszetős,ADJ
2,tétlen,ADJ
2,térő,ADJ
2,termetes,ADJ
2,terítő,ADJ
2,téres,ADJ
2,tépett,ADJ
2,tengerzöld,ADJ
2,temető,ADJ
2,telt,ADJ
2,tekintett,ADJ
2,tekeres,ADJ
2,tejes,ADJ
2,tartott,ADJ
2,tartós,ADJ
2,tartó,ADJ
2,tárt,ADJ
2,társi,ADJ
2,tapadó,ADJ
2,tanító,ADJ
2,tanácsosb,ADJ
2,tanácsolt,ADJ
2,talpraesett,ADJ
2,talpalatnyi,ADJ
2,találtatott,ADJ
2,szüzi,ADJ
2,szuszogó,ADJ
2,szunnyadozási,ADJ
2,szunnyadó,ADJ
2,szörzött,ADJ
2,szorít,ADJ
2,szomorkás,ADJ
2,szomjú,ADJ
2,szombati,ADJ
2,szóli,ADJ
2,szolgai,ADJ
2,szöghajú,ADJ
2,szög,ADJ
2,szóbeli,ADJ
2,szivű,ADJ
2,Szivbeli,ADJ
2,szintelen,ADJ
2,színi,ADJ
2,színehagyott,ADJ
2,sziklai,ADJ
2,szikár,ADJ
2,szérű,ADJ
2,szerinti,ADJ
2,szeretett,ADJ
2,szerb,ADJ
2,szeplőtelen,ADJ
2,szépbb,ADJ
2,szenvedélyes,ADJ
2,szentelt,ADJ
2,szemfényvesztő,ADJ
2,szemetes,ADJ
2,szemérmetes,ADJ
2,szemérmes,ADJ
2,szembetünő,ADJ
2,szeli,ADJ
2,szeles,ADJ
2,szegett,ADJ
2,szegényes,ADJ
2,szavajátszó,ADJ
2,szárnyú,ADJ
2,szárnyaló,ADJ
2,szárnyai,ADJ
2,szántatlan,ADJ
2,számú,ADJ
2,számos,ADJ
2,számnélkül,ADJ
2,szállott,ADJ
2,szálasabb,ADJ
2,szalagos,ADJ
2,szájas,ADJ
2,szabatú,ADJ
2,sűrűbb,ADJ
2,sűrü,ADJ
2,súlyosb,ADJ
2,sükeretlen,ADJ
2,sugáros,ADJ
2,sugári,ADJ
2,styxi,ADJ
2,sötétzöld,ADJ
2,sós,ADJ
2,sorsosi,ADJ
2,sívó,ADJ
2,silányabb,ADJ
2,síkos,ADJ
2,sikeretlen,ADJ
2,sietősen,ADJ
2,selymes,ADJ
2,selyem-arany,ADJ
2,sejtes,ADJ
2,segítő,ADJ
2,sebesült,ADJ
2,sebessen,ADJ
2,sátori,ADJ
2,sáros,ADJ
2,sallangos,ADJ
2,sajgó,ADJ
2,rugott,ADJ
2,rugós,ADJ
2,rothasztó,ADJ
2,röpke,ADJ
2,rongy,ADJ
2,roncsolt,ADJ
2,romlatlan,ADJ
2,rögös,ADJ
2,röfögő,ADJ
2,rímes,ADJ
2,reves,ADJ
2,rettent,ADJ
2,réti,ADJ
2,részletes,ADJ
2,rengő,ADJ
2,rendszeres,ADJ
2,rendbeli,ADJ
2,rémséges,ADJ
2,reményleni,ADJ
2,rejteki,ADJ
2,rejlő,ADJ
2,regés,ADJ
2,rebegő,ADJ
2,rátarti,ADJ
2,ráncos,ADJ
2,rákos,ADJ
2,rajcsányi,ADJ
2,rágalmazó,ADJ
2,rablott,ADJ
2,quid,ADJ
2,pünkösti,ADJ
2,potom,ADJ
2,pontos,ADJ
2,pongyola,ADJ
2,polgári,ADJ
2,poétai,ADJ
2,pityeri,ADJ
2,piruló,ADJ
2,pimasz,ADJ
2,pihegő,ADJ
2,piciny,ADJ
2,pergő,ADJ
2,peres,ADJ
2,perényi,ADJ
2,pénzes,ADJ
2,pengő,ADJ
2,példás,ADJ
2,pej,ADJ
2,paszomántos,ADJ
2,pártatlan,ADJ
2,párduclakta,ADJ
2,papiros,ADJ
2,panaszosan,ADJ
2,pallos,ADJ
2,pajtási,ADJ
2,özvegyi,ADJ
2,ösztövér,ADJ
2,osztályosi,ADJ
2,őszes,ADJ
2,ostoros,ADJ
2,összeillő,ADJ
2,összedugott,ADJ
2,orosz,ADJ
2,örömi,ADJ
2,örömest,ADJ
2,örömes,ADJ
2,örökzöld,ADJ
2,örökösen,ADJ
2,órjási,ADJ
2,öreges,ADJ
2,öntudatlan,ADJ
2,önkénytelen,ADJ
2,ömleteg,ADJ
2,ölyű,ADJ
2,olvas,ADJ
2,ölt,ADJ
2,ollyas,ADJ
2,öles,ADJ
2,oktalanul,ADJ
2,oktai,ADJ
2,okozó,ADJ
2,óh,ADJ
2,od'a,ADJ
2,ocsmány,ADJ
2,nyúló,ADJ
2,nyugodalmas,ADJ
2,nyugalmas,ADJ
2,nyomtalanul,ADJ
2,nyögő,ADJ
2,nyitrai,ADJ
2,Nyilt,ADJ
2,nyilas,ADJ
2,nyertes,ADJ
2,nyerítő,ADJ
2,nyelves,ADJ
2,nyargaló,ADJ
2,Nótárus,ADJ
2,nesztelen,ADJ
2,népszerű,ADJ
2,nemzetiszín,ADJ
2,Nem-ismert,ADJ
2,néminemű,ADJ
2,némelyik,ADJ
2,némely,ADJ
2,négyes,ADJ
2,négyannyi,ADJ
2,nászi,ADJ
2,napos,ADJ
2,napfényes,ADJ
2,nagyúri,ADJ
2,nagy-torkú,ADJ
2,nagyszerű,ADJ
2,nagyszemű,ADJ
2,nagy-sebesen,ADJ
2,Nagy-kőrös,ADJ
2,nagybúsan,ADJ
2,nagybb,ADJ
2,nádas,ADJ
2,művelt,ADJ
2,mutat,ADJ
2,munkás,ADJ
2,mord,ADJ
2,mongol,ADJ
2,módosan,ADJ
2,mindennapos,ADJ
2,mindenfelül,ADJ
2,minapi,ADJ
2,mesterkélt,ADJ
2,messzelátó,ADJ
2,messzefutó,ADJ
2,mérsékeli,ADJ
2,menyegzős,ADJ
2,menyasszonyi,ADJ
2,mentes,ADJ
2,menő,ADJ
2,mélylő,ADJ
2,méltóbb,ADJ
2,mellyi,ADJ
2,megűli,ADJ
2,megtört,ADJ
2,megtörött,ADJ
2,megtérő,ADJ
2,megteli,ADJ
2,megtart,ADJ
2,megrakott,ADJ
2,megnyili,ADJ
2,meglepő,ADJ
2,megkövült,ADJ
2,megjelent,ADJ
2,meghív,ADJ
2,meghitt,ADJ
2,megfoghatatlan,ADJ
2,megelőző,ADJ
2,mázsás,ADJ
2,matyó,ADJ
2,máshoni,ADJ
2,mártogató,ADJ
2,marhái,ADJ
2,marcona,ADJ
2,maradt,ADJ
2,maradandóbb,ADJ
2,málhás,ADJ
2,makkos,ADJ
2,mái,ADJ
2,lovagias,ADJ
2,lógós,ADJ
2,lógó,ADJ
2,locsogó,ADJ
2,litván,ADJ
2,ligetes,ADJ
2,lévő,ADJ
2,leverő,ADJ
2,lés,ADJ
2,lépes,ADJ
2,lemenő,ADJ
2,lelt,ADJ
2,lelkű,ADJ
2,lelketlen,ADJ
2,leleményes,ADJ
2,lélekadó,ADJ
2,lejőni,ADJ
2,lehelő,ADJ
2,legutóbbi,ADJ
2,legsürű,ADJ
2,legnemesb,ADJ
2,legerősb,ADJ
2,leeső,ADJ
2,ledér,ADJ
2,lebbenő,ADJ
2,látó,ADJ
2,látatlanul,ADJ
2,lármás,ADJ
2,lapú,ADJ
2,lappangó,ADJ
2,lapályos,ADJ
2,lángos,ADJ
2,lakodalmi,ADJ
2,lábai,ADJ
2,küzdelmi,ADJ
2,kúszó,ADJ
2,kuncsorgó,ADJ
2,kujtorgó,ADJ
2,krónikás,ADJ
2,krími,ADJ
2,közönös,ADJ
2,közeli,ADJ
2,közelb,ADJ
2,közel,ADJ
2,követő,ADJ
2,kövecses,ADJ
2,koszorús,ADJ
2,köszöntő,ADJ
2,köszönő,ADJ
2,köszönetlen,ADJ
2,korú,ADJ
2,korosabb,ADJ
2,körny,ADJ
2,körmönfont,ADJ
2,korcsmai,ADJ
2,kopogós,ADJ
2,köpcös,ADJ
2,könyörgő,ADJ
2,könyöklő,ADJ
2,könnyező,ADJ
2,könnyed,ADJ
2,komorabb,ADJ
2,költöző,ADJ
2,kolompos,ADJ
2,kölestermő,ADJ
2,köhögős,ADJ
2,kóbori,ADJ
2,kóborgó,ADJ
2,kóbor,ADJ
2,kizajlott,ADJ
2,kive,ADJ
2,kívánt,ADJ
2,kivánjó,ADJ
2,kivált,ADJ
2,kivájt,ADJ
2,kitűzött,ADJ
2,kitárt,ADJ
2,kiszáradt,ADJ
2,kisvárdai,ADJ
2,kishitű,ADJ
2,kisérő,ADJ
2,kirepítő,ADJ
2,kiontott,ADJ
2,kínzó,ADJ
2,kimondhatatlan,ADJ
2,kimerült,ADJ
2,kimért,ADJ
2,kíméletlen,ADJ
2,kijáró,ADJ
2,kihalt,ADJ
2,kihajló,ADJ
2,kiesb,ADJ
2,kidőlt,ADJ
2,kibúni,ADJ
2,kézi,ADJ
2,kezes,ADJ
2,kevés,ADJ
2,kevert,ADJ
2,kétszinű,ADJ
2,kétséges,ADJ
2,Kétségb'esett,ADJ
2,kétöles,ADJ
2,kétlábú,ADJ
2,kétfelül,ADJ
2,kétféle,ADJ
2,kétfejű,ADJ
2,kétesen,ADJ
2,késztő,ADJ
2,későbbi,ADJ
2,keserűbb,ADJ
2,kerűlő,ADJ
2,kerülő,ADJ
2,kerületű,ADJ
2,kérgi,ADJ
2,keresztes,ADJ
2,keresztelt,ADJ
2,keresendő,ADJ
2,kerekes,ADJ
2,kerekebb,ADJ
2,kérdőleg,ADJ
2,kérdező,ADJ
2,képviselő,ADJ
2,képű,ADJ
2,kényszerű,ADJ
2,kényesen,ADJ
2,kénköves,ADJ
2,kendermagos,ADJ
2,keményszivű,ADJ
2,kelt,ADJ
2,kelendő,ADJ
2,kékszinű,ADJ
2,kegyenc,ADJ
2,kegyelmes,ADJ
2,kedvesi,ADJ
2,kedvesebb,ADJ
2,kecsegtető,ADJ
2,kasbul,ADJ
2,kártyás,ADJ
2,károlyi,ADJ
2,kardosan,ADJ
2,karcos,ADJ
2,kanálos,ADJ
2,kan,ADJ
2,kalandor,ADJ
2,kacskaringós,ADJ
2,kába,ADJ
2,jővén,ADJ
2,jóltévő,ADJ
2,jóizű,ADJ
2,jobbik,ADJ
2,jelent,ADJ
2,jártányi,ADJ
2,járt,ADJ
2,izmosabb,ADJ
2,izgága,ADJ
2,ívű,ADJ
2,itteni,ADJ
2,ittas,ADJ
2,iszapos,ADJ
2,istennői,ADJ
2,ismételt,ADJ
2,irott,ADJ
2,iromba,ADJ
2,irígyli,ADJ
2,irgalmas,ADJ
2,iránti,ADJ
2,innenső,ADJ
2,ingadozó,ADJ
2,im,ADJ
2,ilyenféle,ADJ
2,illőbb,ADJ
2,illemes,ADJ
2,illati,ADJ
2,ikes,ADJ
2,igénytelen,ADJ
2,igazságos,ADJ
2,igazándi,ADJ
2,ifjúkori,ADJ
2,ifjan,ADJ
2,ifiabb,ADJ
2,idomtalan,ADJ
2,idevaló,ADJ
2,ibrányi,ADJ
2,huszári,ADJ
2,hurcolt,ADJ
2,hunyorított,ADJ
2,hűlt,ADJ
2,hullámzó,ADJ
2,hullámi,ADJ
2,hűbb,ADJ
2,horvát,ADJ
2,horkoló,ADJ
2,hömpölygő,ADJ
2,homonnai,ADJ
2,hollószín,ADJ
2,holdvilágos,ADJ
2,hódoló,ADJ
2,hő,ADJ
2,hívebb,ADJ
2,hívatlan,ADJ
2,hitlen,ADJ
2,hitetlen,ADJ
2,hiteszegett,ADJ
2,hites,ADJ
2,hirtelenül,ADJ
2,hirtelen,ADJ
2,hiábavaló,ADJ
2,hév,ADJ
2,hétköznapi,ADJ
2,hervadt,ADJ
2,hervadatlan,ADJ
2,henci,ADJ
2,hegyesebb,ADJ
2,hebehurgya,ADJ
2,hazug,ADJ
2,házsártos,ADJ
2,hazamentő,ADJ
2,hazajáró,ADJ
2,hattyúi,ADJ
2,hátralevő,ADJ
2,határos,ADJ
2,hatalmos,ADJ
2,hatalmasb,ADJ
2,harsan,ADJ
2,háromöles,ADJ
2,harapós,ADJ
2,hányt,ADJ
2,hanyag,ADJ
2,hangzó,ADJ
2,hangsúlyos,ADJ
2,hamvas,ADJ
2,halványabb,ADJ
2,halottan,ADJ
2,hallgatói,ADJ
2,halhatatlan,ADJ
2,hálátlan,ADJ
2,háládatlan,ADJ
2,hajtó,ADJ
2,hajt,ADJ
2,hajótörött,ADJ
2,hajós,ADJ
2,hajh,ADJ
2,hadakozó,ADJ
2,hadai,ADJ
2,háborus,ADJ
2,gyürű,ADJ
2,gyümölcsös,ADJ
2,gyúlt,ADJ
2,gyult,ADJ
2,gyujtva,ADJ
2,győzhetetlen,ADJ
2,győzelmes,ADJ
2,gyönyörűséges,ADJ
2,gyomai,ADJ
2,gyilkoló,ADJ
2,gyermektelen,ADJ
2,gyermekkori,ADJ
2,gyaur,ADJ
2,gyalogi,ADJ
2,gúnyoló,ADJ
2,gőzi,ADJ
2,göndör,ADJ
2,gondoló,ADJ
2,gerendi,ADJ
2,gepida,ADJ
2,geniális,ADJ
2,gazdai,ADJ
2,fütyülő,ADJ
2,füttyös,ADJ
2,futa,ADJ
2,fűszeres,ADJ
2,furfangos,ADJ
2,fura,ADJ
2,frankós,ADJ
2,fösvény,ADJ
2,forró-meleg,ADJ
2,fordult,ADJ
2,fonnyadó,ADJ
2,fonatos,ADJ
2,folytonos,ADJ
2,folyói,ADJ
2,fölösleges,ADJ
2,fölleges,ADJ
2,fölkelt,ADJ
2,fojtós,ADJ
2,fogyó,ADJ
2,fogható,ADJ
2,fogass,ADJ
2,Fő-fő,ADJ
2,fodros,ADJ
2,födetlen,ADJ
2,főbb,ADJ
2,fityegő,ADJ
2,filigrán,ADJ
2,fészkelő,ADJ
2,festői,ADJ
2,fenyegető,ADJ
2,fentírt,ADJ
2,felüdítő,ADJ
2,félreeső,ADJ
2,félő,ADJ
2,felmagzott,ADJ
2,felkelő,ADJ
2,félisteni,ADJ
2,felhős,ADJ
2,felhői,ADJ
2,felháborult,ADJ
2,feles,ADJ
2,felelős,ADJ
2,feledő,ADJ
2,feledett,ADJ
2,felbomló,ADJ
2,fegyvertelen,ADJ
2,fedett,ADJ
2,fed,ADJ
2,febr,ADJ
2,faragott,ADJ
2,fagótos,ADJ
2,ezredévi,ADJ
2,evő,ADJ
2,éves,ADJ
2,eszű,ADJ
2,esztergomi,ADJ
2,esztendős,ADJ
2,eszközi,ADJ
2,esős,ADJ
2,eskető,ADJ
2,esett,ADJ
2,esetlen,ADJ
2,érzékeny,ADJ
2,értő,ADJ
2,érthetetlen,ADJ
2,erőtelen,ADJ
2,erőszakos,ADJ
2,erősb,ADJ
2,eredő,ADJ
2,Ércb,ADJ
2,ér,ADJ
2,epedő,ADJ
2,enyingi,ADJ
2,enyészetes,ADJ
2,engesztelő,ADJ
2,engedelmes,ADJ
2,emléktelen,ADJ
2,emlékezetes,ADJ
2,embernyi,ADJ
2,élvezett,ADJ
2,elvesztett,ADJ
2,elűzött,ADJ
2,elszórt,ADJ
2,elrekedt,ADJ
2,előve,ADJ
2,előtti,ADJ
2,elomló,ADJ
2,elnyűtt,ADJ
2,elnyúlt,ADJ
2,elmosódó,ADJ
2,ellenségi,ADJ
2,elkiséri,ADJ
2,eljátszott,ADJ
2,elhunyó,ADJ
2,elhaló,ADJ
2,elfoglalt,ADJ
2,elfogad,ADJ
2,eleresz,ADJ
2,élelmes,ADJ
2,elegen,ADJ
2,elcsigázott,ADJ
2,ékesen,ADJ
2,éji,ADJ
2,egyenetlen,ADJ
2,egészségi,ADJ
2,efféle,ADJ
2,éd's,ADJ
2,édeni,ADJ
2,ébrebb,ADJ
2,ebbeli,ADJ
2,e,ADJ
2,duzzadó,ADJ
2,durazzói,ADJ
2,Durazzó,ADJ
2,dűlt,ADJ
2,dúló,ADJ
2,drágaszép,ADJ
2,drágaköves,ADJ
2,dörmögő,ADJ
2,dorgáló,ADJ
2,döntő,ADJ
2,dobogó,ADJ
2,diószegi,ADJ
2,dévaj,ADJ
2,dévai,ADJ
2,derüs,ADJ
2,derülten,ADJ
2,deres,ADJ
2,délceg,ADJ
2,dalmát,ADJ
2,dallamos,ADJ
2,dagadt,ADJ
2,cudar,ADJ
2,csúful,ADJ
2,csúfoló,ADJ
2,csudatékony,ADJ
2,csudálatos,ADJ
2,csörgési,ADJ
2,csoportos,ADJ
2,csontos,ADJ
2,csillagtalan,ADJ
2,csikorgó,ADJ
2,csiholó,ADJ
2,csetneki,ADJ
2,csengő,ADJ
2,csatlósi,ADJ
2,csapongó,ADJ
2,csapi,ADJ
2,csapatjó,ADJ
2,csalóka,ADJ
2,csalogató,ADJ
2,csalékony,ADJ
2,családi,ADJ
2,csábító,ADJ
2,Conturszi,ADJ
2,cinkos,ADJ
2,cini,ADJ
2,céltalan,ADJ
2,bűzös,ADJ
2,buzdító,ADJ
2,bünös,ADJ
2,bunkó,ADJ
2,budaméri,ADJ
2,bübájos,ADJ
2,bőséges,ADJ
2,borjunyúzó,ADJ
2,bontatlan,ADJ
2,bolyongó,ADJ
2,bolyhos,ADJ
2,bolgár,ADJ
2,boldogult,ADJ
2,boldogságos,ADJ
2,bokrosan,ADJ
2,bokrodzó,ADJ
2,bodri,ADJ
2,bocskoros,ADJ
2,bízott,ADJ
2,bizonytalan,ADJ
2,bíró,ADJ
2,bevégzetlen,ADJ
2,beteges,ADJ
2,béres,ADJ
2,beneventótul,ADJ
2,belű,ADJ
2,belföldi,ADJ
2,béketürés,ADJ
2,bejáró,ADJ
2,begyesen,ADJ
2,befogott,ADJ
2,befagyott,ADJ
2,becsületi,ADJ
2,becsesebb,ADJ
2,bátorító,ADJ
2,bársonyos,ADJ
2,baljós,ADJ
2,balgatagul,ADJ
2,balfelül,ADJ
2,bakoló,ADJ
2,bakancsos,ADJ
2,bajvivó,ADJ
2,bajuszos,ADJ
2,bágyadozó,ADJ
2,avas,ADJ
2,áttetsző,ADJ
2,Atlamos,ADJ
2,aszkóros,ADJ
2,árvább,ADJ
2,arravaló,ADJ
2,áros,ADJ
2,arasznyi,ADJ
2,aranyszájú,ADJ
2,aranyló,ADJ
2,arab,ADJ
2,ápolt,ADJ
2,ápoló,ADJ
2,ápolgató,ADJ
2,apáti,ADJ
2,általános,ADJ
2,állhatatos,ADJ
2,állati,ADJ
2,alkonyi,ADJ
2,alkalmatos,ADJ
2,akasztó,ADJ
2,akadémiai,ADJ
2,agyaras,ADJ
2,ágas,ADJ
2,adományi,ADJ
2,3,ADJ
2,1877,ADJ
2,1853,ADJ
2,1848,ADJ
1,züllött,ADJ
1,zuhanó,ADJ
1,zúgolódó,ADJ
1,zúgalmas,ADJ
1,zsongó,ADJ
1,zsombikos,ADJ
1,zsibojgó,ADJ
1,zsebelő,ADJ
1,zörgős,ADJ
1,zörgő,ADJ
1,zöngzetes,ADJ
1,zöngi,ADJ
1,zönge,ADJ
1,zöldszinű,ADJ
1,zöld-fehér,ADJ
1,zöldes,ADJ
1,zölden,ADJ
1,Zoko,ADJ
1,zincsi,ADJ
1,ziláltabb,ADJ
1,zetés,ADJ
1,zengési,ADJ
1,zendüle,ADJ
1,zászlósi,ADJ
1,zászlókt,ADJ
1,zárú,ADJ
1,zárkozván,ADJ
1,záptojási,ADJ
1,zálogosított,ADJ
1,zaklató,ADJ
1,zajtalan,ADJ
1,zajongó,ADJ
1,zajló,ADJ
1,zagyvált,ADJ
1,zabolátlan,ADJ
1,walesi,ADJ
1,vörösebb,ADJ
1,vor,ADJ
1,vonzati,ADJ
1,vonúló,ADJ
1,vontatott,ADJ
1,vonható,ADJ
1,vonási,ADJ
1,völgyes,ADJ
1,vizsegrádi,ADJ
1,vizásta,ADJ
1,vivő,ADJ
1,vívó,ADJ
1,vítt,ADJ
1,vitt,ADJ
1,vitázó,ADJ
1,viszonz,ADJ
1,viszontagos,ADJ
1,viszkető,ADJ
1,viszketeg,ADJ
1,viszályos,ADJ
1,visszavonult,ADJ
1,visszavert,ADJ
1,visszatért,ADJ
1,visszataszító,ADJ
1,visszásan,ADJ
1,visszanéző,ADJ
1,visszahozandó,ADJ
1,visszahökkent,ADJ
1,visszafénylő,ADJ
1,visszafenyítő,ADJ
1,visszaeszméle,ADJ
1,visszaad,ADJ
1,visító,ADJ
1,viselhető,ADJ
1,virradatt,ADJ
1,virító,ADJ
1,virágtalan,ADJ
1,villogott,ADJ
1,villás,ADJ
1,villámtalan,ADJ
1,villámos,ADJ
1,villámló,ADJ
1,világrázó,ADJ
1,világolt,ADJ
1,világló,ADJ
1,világits,ADJ
1,vihogó,ADJ
1,víhatlan,ADJ
1,viharzó,ADJ
1,viharedzett,ADJ
1,vigyázó,ADJ
1,víg-szomorkás,ADJ
1,vígságteljes,ADJ
1,vígasztalan,ADJ
1,vigalmi,ADJ
1,vig,ADJ
1,vígabban,ADJ
1,vidító,ADJ
1,vidékbeli,ADJ
1,vicsori,ADJ
1,viadalmas,ADJ
1,vezetett,ADJ
1,vezetendő,ADJ
1,veze,ADJ
1,vevéd,ADJ
1,veteres,ADJ
1,vetélgő,ADJ
1,vészviharos,ADJ
1,vesztes,ADJ
1,veszteglő,ADJ
1,veszprémi,ADJ
1,vesző,ADJ
1,vészkiáltó,ADJ
1,vészjósló,ADJ
1,vészharagos,ADJ
1,veszetten,ADJ
1,veszett,ADJ
1,veszélyi,ADJ
1,véső,ADJ
1,veselényi,ADJ
1,vérzőbb,ADJ
1,vérvörös,ADJ
1,vértesi,ADJ
1,vértesen,ADJ
1,vértagadó,ADJ
1,vérszerint,ADJ
1,versnemű,ADJ
1,versengő,ADJ
1,vérrokoni,ADJ
1,vérontó,ADJ
1,verón,ADJ
1,vérlángu,ADJ
1,véri,ADJ
1,vergődő,ADJ
1,vérfagyasztó,ADJ
1,Vére-vett,ADJ
1,veretlen,ADJ
1,vereslő,ADJ
1,verési,ADJ
1,vér-elfutottan,ADJ
1,vérehagyott,ADJ
1,vérduzzasztó,ADJ
1,vérboszú,ADJ
1,vérbeli,ADJ
1,vérb,ADJ
1,vendégies,ADJ
1,vemhes,ADJ
1,véletlen,ADJ
1,velencei,ADJ
1,vékonyabbik,ADJ
1,vehe,ADJ
1,végzeti,ADJ
1,vegyűlt,ADJ
1,vegytani,ADJ
1,végrehajt,ADJ
1,végnélkül,ADJ
1,véghetetlenül,ADJ
1,véghetetlen,ADJ
1,véges-végtelen,ADJ
1,végbeli,ADJ
1,vasvillás,ADJ
1,vastagabban,ADJ
1,vaskosabb,ADJ
1,vaskesztyűs,ADJ
1,vasféle,ADJ
1,vasfejű,ADJ
1,vásárlott,ADJ
1,vásári,ADJ
1,vásárhelyi,ADJ
1,vas,ADJ
1,várta,ADJ
1,varró,ADJ
1,vármegyebeli,ADJ
1,várkapus,ADJ
1,vári,ADJ
1,vargainas,ADJ
1,Vár-bakoló,ADJ
1,várbakoló,ADJ
1,varázslott,ADJ
1,varázslatos,ADJ
1,váras,ADJ
1,várandós,ADJ
1,vár,ADJ
1,ványai,ADJ
1,vándorló,ADJ
1,változékony,ADJ
1,változatlan,ADJ
1,változandó,ADJ
1,váltón,ADJ
1,váltogatóan,ADJ
1,váltogató,ADJ
1,váltoga,ADJ
1,váltó,ADJ
1,valóigaz,ADJ
1,váló,ADJ
1,vallásbeli,ADJ
1,választó,ADJ
1,választ,ADJ
1,valamirevaló,ADJ
1,vakogó,ADJ
1,vakmerően,ADJ
1,vaki,ADJ
1,vájt,ADJ
1,vajmitevő,ADJ
1,vágyteljes,ADJ
1,vágyó,ADJ
1,vágtató,ADJ
1,vágó,ADJ
1,vadult,ADJ
1,vadréce-tojási,ADJ
1,vadon,ADJ
1,vadászó,ADJ
1,vadas,ADJ
1,vadabb,ADJ
1,vackori,ADJ
1,váci,ADJ
1,uzus,ADJ
1,uzsorási,ADJ
1,üzent,ADJ
1,üvegházi,ADJ
1,üveges,ADJ
1,utódi,ADJ
1,útnélkül,ADJ
1,utazó,ADJ
1,utánzott,ADJ
1,utánzó,ADJ
1,útálatos,ADJ
1,üt,ADJ
1,úta,ADJ
1,uszkált,ADJ
1,úszkáló,ADJ
1,uszíta,ADJ
1,úriasan,ADJ
1,úriás,ADJ
1,uri,ADJ
1,üresebb,ADJ
1,üresb,ADJ
1,úrbéri,ADJ
1,urasan,ADJ
1,uras,ADJ
1,uralkodó,ADJ
1,unszoló,ADJ
1,unott,ADJ
1,unokái,ADJ
1,ünnepies,ADJ
1,ünnepelt,ADJ
1,undoridéző,ADJ
1,unalmi,ADJ
1,ulyssesi,ADJ
1,ülő,ADJ
1,űli,ADJ
1,üle,ADJ
1,üldöző,ADJ
1,ujúlt,ADJ
1,újult,ADJ
1,új-új,ADJ
1,újrakezdő,ADJ
1,Új-magyar,ADJ
1,ujjongó,ADJ
1,újjó,ADJ
1,újító,ADJ
1,újévi,ADJ
1,Ui.,ADJ
1,ugyanollyan,ADJ
1,ugró,ADJ
1,ugri-szilaj,ADJ
1,ugrándozó,ADJ
1,ugrándi,ADJ
1,ügető,ADJ
1,üdvteljes,ADJ
1,üdvöz,ADJ
1,üdvösséges,ADJ
1,udvar,ADJ
1,üdületlen,ADJ
1,üdűlendő,ADJ
1,üdősb,ADJ
1,ubi,ADJ
1,tyúkodi,ADJ
1,tűzlelkű,ADJ
1,tűzlegelő,ADJ
1,tüzi,ADJ
1,tüzesebben,ADJ
1,tüzesebb,ADJ
1,túrós,ADJ
1,türő,ADJ
1,tűrhe,ADJ
1,türés,ADJ
1,tűnyelvű,ADJ
1,tunya,ADJ
1,tűnő,ADJ
1,tünékeny,ADJ
1,tündöklött,ADJ
1,tünde,ADJ
1,túlvilági,ADJ
1,tuln,ADJ
1,túllevő,ADJ
1,tulérző,ADJ
1,tulajdonságú,ADJ
1,tükrözött,ADJ
1,tudvalevő,ADJ
1,tudósi,ADJ
1,tudományú,ADJ
1,tudományos,ADJ
1,tüdejű,ADJ
1,tű,ADJ
1,trochéus,ADJ
1,tribún,ADJ
1,trencséni,ADJ
1,tréfaűző,ADJ
1,tréfás,ADJ
1,Tráni,ADJ
1,tovanéző,ADJ
1,tótul,ADJ
1,tót,ADJ
1,tőszomszédos,ADJ
1,tős-gyökeres,ADJ
1,torzonborz,ADJ
1,Torz-alakú,ADJ
1,torz,ADJ
1,történeti,ADJ
1,törten,ADJ
1,tört,ADJ
1,törölt,ADJ
1,törökországi,ADJ
1,Török-magyar,ADJ
1,törő,ADJ
1,tornyosodó,ADJ
1,tornyosan,ADJ
1,tornyodzó,ADJ
1,töretlen,ADJ
1,törési,ADJ
1,törésen,ADJ
1,töredelmes,ADJ
1,töredékeny,ADJ
1,tördelt,ADJ
1,töprenkedő,ADJ
1,tomporás,ADJ
1,tompább,ADJ
1,tömöttebb,ADJ
1,tömegű,ADJ
1,tömeges,ADJ
1,tölt,ADJ
1,tolongási,ADJ
1,tollú,ADJ
1,tollmardosó,ADJ
1,tollatlan,ADJ
1,tölgyes,ADJ
1,toldott,ADJ
1,toldák,ADJ
1,tölcséres,ADJ
1,töl,ADJ
1,töksi,ADJ
1,tökélytelen,ADJ
1,tojásdad,ADJ
1,tói,ADJ
1,többrendű,ADJ
1,több-efféle,ADJ
1,Tőb,ADJ
1,tízszeres,ADJ
1,tízágú,ADJ
1,titkolt,ADJ
1,tisztvágyó,ADJ
1,tisztességi,ADJ
1,tisztesebb,ADJ
1,tisztesb,ADJ
1,tisztelő,ADJ
1,tiszteletű,ADJ
1,tisztelendő,ADJ
1,tisztátalan,ADJ
1,tiszta-piros,ADJ
1,tisztábbik,ADJ
1,tiszai,ADJ
1,tintás,ADJ
1,tilalomjegyező,ADJ
1,tikkadt,ADJ
1,tigriss,ADJ
1,tevő,ADJ
1,Tévelyítő,ADJ
1,tévelygő,ADJ
1,tevékeny,ADJ
1,tettdús,ADJ
1,tetszősb,ADJ
1,tetszőbb,ADJ
1,tetszi,ADJ
1,tétovázó,ADJ
1,tétova,ADJ
1,tetős,ADJ
1,tetétleni,ADJ
1,tetétlen,ADJ
1,testőrzői,ADJ
1,testőrző,ADJ
1,testes,ADJ
1,tespedő,ADJ
1,tervi,ADJ
1,termi,ADJ
1,termett,ADJ
1,természeti,ADJ
1,terméketlen,ADJ
1,termékeny,ADJ
1,terít,ADJ
1,terhű,ADJ
1,terhelten,ADJ
1,terebélyesebb,ADJ
1,térdi,ADJ
1,tepertős,ADJ
1,tensúri,ADJ
1,tengő,ADJ
1,tengers,ADJ
1,tengerparti,ADJ
1,tengely-emelintő,ADJ
1,témonda,ADJ
1,temetkező,ADJ
1,temesvári,ADJ
1,teljes-teli,ADJ
1,teljes-lehetetlen,ADJ
1,teljesb,ADJ
1,télizöld,ADJ
1,teliteljes,ADJ
1,teletorkúbb,ADJ
1,telepedő,ADJ
1,telendő,ADJ
1,telegyűlt,ADJ
1,tékozló,ADJ
1,tekergő,ADJ
1,tehetd,ADJ
1,teheri,ADJ
1,tegzessen,ADJ
1,téglavető,ADJ
1,téglaszín,ADJ
1,távozó,ADJ
1,távolr,ADJ
1,távollevő,ADJ
1,tavi,ADJ
1,táti,ADJ
1,tatáros,ADJ
1,tatárölő,ADJ
1,tartozó,ADJ
1,tartósabb,ADJ
1,tartói,ADJ
1,tartatott,ADJ
1,tarta,ADJ
1,tarokos,ADJ
1,tárkányi,ADJ
1,tarjáni,ADJ
1,tárgytalan,ADJ
1,tarcsai,ADJ
1,taraszk,ADJ
1,tarajos,ADJ
1,tapsi,ADJ
1,tapogatós,ADJ
1,tapo,ADJ
1,tápláló,ADJ
1,táplál,ADJ
1,tapintható,ADJ
1,tapasztó,ADJ
1,tanyás,ADJ
1,tanulatlan,ADJ
1,tanúlás,ADJ
1,tanui,ADJ
1,tanszéki,ADJ
1,tanít,ADJ
1,tani,ADJ
1,táncos,ADJ
1,táncoló,ADJ
1,tanácstalan,ADJ
1,tanácsos,ADJ
1,tanácsosabb,ADJ
1,tamburás,ADJ
1,támaszi,ADJ
1,találó,ADJ
1,találkozó,ADJ
1,található,ADJ
1,takaros,ADJ
1,tajtékos,ADJ
1,táblabirói,ADJ
1,szűztelen,ADJ
1,szűrün,ADJ
1,szurtos,ADJ
1,szűrt,ADJ
1,szúronyos,ADJ
1,szuronyos,ADJ
1,szúró,ADJ
1,szurkos,ADJ
1,szürkehajú,ADJ
1,szürkébb,ADJ
1,szurkáló-vas,ADJ
1,szűri,ADJ
1,szúrási,ADJ
1,szunnyadozó,ADJ
1,szűnes-szüntelen,ADJ
1,szünes-szüntelen,ADJ
1,szülötti,ADJ
1,szülői,ADJ
1,szűli,ADJ
1,születő,ADJ
1,szülétlen,ADJ
1,születendő,ADJ
1,szülési,ADJ
1,szülemlő,ADJ
1,szüléi,ADJ
1,szűle,ADJ
1,szűkkebelű,ADJ
1,szügyi,ADJ
1,szügyellő,ADJ
1,szúette,ADJ
1,szövött,ADJ
1,szövetű,ADJ
1,szót,ADJ
1,szöszke,ADJ
1,szorúlt,ADJ
1,szórt,ADJ
1,szorossan,ADJ
1,szorongó,ADJ
1,szörny,ADJ
1,szoritva,ADJ
1,szori,ADJ
1,szorgosabban,ADJ
1,szőnyeges,ADJ
1,szomorúbb,ADJ
1,szomjazó,ADJ
1,szomjasan,ADJ
1,szőlős,ADJ
1,szolnoki,ADJ
1,szolgaibb,ADJ
1,szolgái,ADJ
1,szökött,ADJ
1,szöki,ADJ
1,szőkébb,ADJ
1,szögsárga,ADJ
1,szög-sárga,ADJ
1,szöges,ADJ
1,szoborékes,ADJ
1,szláv,ADJ
1,szívvídító,ADJ
1,szivtelen,ADJ
1,szívszakasztó,ADJ
1,szívrehatóan,ADJ
1,szívreható,ADJ
1,szivreható,ADJ
1,szívos,ADJ
1,szíve-szegett,ADJ
1,szívemelő,ADJ
1,szivbeli,ADJ
1,szívandó,ADJ
1,szittyás,ADJ
1,szittyai,ADJ
1,szittya,ADJ
1,szított,ADJ
1,szitkos,ADJ
1,szirmai,ADJ
1,sziriai,ADJ
1,szinű,ADJ
1,színlelt,ADJ
1,szinházjáró,ADJ
1,színházi,ADJ
1,színe-vesztett,ADJ
1,szinetlen,ADJ
1,színdús,ADJ
1,szilárdul,ADJ
1,szilárdabb,ADJ
1,szilajabban,ADJ
1,szilajabb,ADJ
1,szikralövellő,ADJ
1,sziklatépő,ADJ
1,sziklái,ADJ
1,sziklafalú,ADJ
1,szikkadtabb,ADJ
1,szíkes,ADJ
1,szigeti,ADJ
1,szidalmazó,ADJ
1,szidalmas,ADJ
1,szétzilált,ADJ
1,széttépett,ADJ
1,szétloccsant,ADJ
1,szétküldéd,ADJ
1,széthányt,ADJ
1,szétcsatangoló,ADJ
1,szétbomló,ADJ
1,szeszélyi,ADJ
1,szerzett,ADJ
1,szertezilált,ADJ
1,szertelen,ADJ
1,szerint,ADJ
1,szerettei,ADJ
1,szereteti,ADJ
1,szerencsétlenebb,ADJ
1,szerelmért,ADJ
1,szere,ADJ
1,széptani,ADJ
1,szeplőtlen,ADJ
1,szeplős,ADJ
1,szépbbik,ADJ
1,Szenvedély-ragadtan,ADJ
1,szentül,ADJ
1,szentségtörő,ADJ
1,szentiványi,ADJ
1,szenti,ADJ
1,szentegyházb,ADJ
1,szenderítő,ADJ
1,szénás,ADJ
1,szemvakító,ADJ
1,szemrontó,ADJ
1,szemrehányó,ADJ
1,szemhunyorgatási,ADJ
1,szeméten,ADJ
1,szeme-szöktéb,ADJ
1,szemérmű,ADJ
1,szemenszedett,ADJ
1,szélvészes,ADJ
1,szélveszes,ADJ
1,szélmalmi,ADJ
1,széllyel,ADJ
1,szellőfogó,ADJ
1,szellemes,ADJ
1,szellemdús,ADJ
1,szelidebb,ADJ
1,szélházi,ADJ
1,széles-magas,ADJ
1,szelesebb,ADJ
1,széki,ADJ
1,szégyenítő,ADJ
1,szegetlenül,ADJ
1,szeges,ADJ
1,szegélyű,ADJ
1,szegedi,ADJ
1,szédűletes,ADJ
1,szedtevettés,ADJ
1,szécsenyi,ADJ
1,széchényi,ADJ
1,szebbnél-szebb,ADJ
1,száztornyú,ADJ
1,százszoros,ADJ
1,százöles,ADJ
1,százéves,ADJ
1,százas,ADJ
1,szavazandó,ADJ
1,szavatartó,ADJ
1,szárú,ADJ
1,szarú,ADJ
1,szárnya-szegetten,ADJ
1,szárnyaszegett,ADJ
1,szár-éli,ADJ
1,száradó,ADJ
1,szappanbuboréki,ADJ
1,szaporán,ADJ
1,szántóvető,ADJ
1,szánólag,ADJ
1,szándékos,ADJ
1,szánakozó,ADJ
1,számvető,ADJ
1,száműzött,ADJ
1,számüzött,ADJ
1,számoló,ADJ
1,szalonnás,ADJ
1,szalmás,ADJ
1,szalmai,ADJ
1,Szalma-fedett,ADJ
1,szállingani,ADJ
1,szálldogáló,ADJ
1,szállásadó,ADJ
1,szaladékony,ADJ
1,szaladandó,ADJ
1,szakít,ADJ
1,szájú,ADJ
1,szájtáti,ADJ
1,szájatáti,ADJ
1,száguldozó,ADJ
1,szagú,ADJ
1,szaggatott,ADJ
1,sz,ADJ
1,szabású,ADJ
1,szabadítóul,ADJ
1,szabadító,ADJ
1,szabadítni,ADJ
1,szabadelmű,ADJ
1,süvöltő,ADJ
1,süvegű,ADJ
1,süveges,ADJ
1,suttogó,ADJ
1,sütésű,ADJ
1,sutább,ADJ
1,sűrübb,ADJ
1,sürögő,ADJ
1,sürgő,ADJ
1,sürgetős,ADJ
1,sürgetőbben,ADJ
1,süppedező,ADJ
1,süppedékes,ADJ
1,sunnyogó,ADJ
1,sűlyedt,ADJ
1,sülyedt,ADJ
1,sülyedés,ADJ
1,sükertelen,ADJ
1,sujtoló,ADJ
1,sugva,ADJ
1,sugárzó,ADJ
1,súgári,ADJ
1,súg,ADJ
1,sudár,ADJ
1,sückő,ADJ
1,sub,ADJ
1,styxparti,ADJ
1,strucai,ADJ
1,stentori,ADJ
1,stabilitas,ADJ
1,spártai,ADJ
1,sovárgó,ADJ
1,sovárga,ADJ
1,sovár,ADJ
1,sótlan,ADJ
1,sötétveres,ADJ
1,sötét-komoran,ADJ
1,sötét-komolyan,ADJ
1,sorú,ADJ
1,sörtenemű,ADJ
1,sors-intéző,ADJ
1,sorozott,ADJ
1,sörényes,ADJ
1,sorbul,ADJ
1,somogyi,ADJ
1,somnyelű,ADJ
1,somi,ADJ
1,sokszinű,ADJ
1,sokszavú,ADJ
1,soknyelvű,ADJ
1,sohajtó,ADJ
1,sohajta,ADJ
1,sodros,ADJ
1,slendrián,ADJ
1,sivárabb,ADJ
1,sistergő,ADJ
1,Sisak-állazó,ADJ
1,sirvafutó,ADJ
1,sírvafakadt,ADJ
1,sírjó,ADJ
1,sirbolt,ADJ
1,sírb,ADJ
1,sírató,ADJ
1,sipegő,ADJ
1,sínleni,ADJ
1,singi,ADJ
1,simúló,ADJ
1,simonyi,ADJ
1,sím,ADJ
1,símá,ADJ
1,siketül,ADJ
1,siketebben,ADJ
1,sikerűlte,ADJ
1,sikertelen,ADJ
1,sikamós,ADJ
1,sikamló,ADJ
1,siető,ADJ
1,sete-suta,ADJ
1,sértő,ADJ
1,sérthető,ADJ
1,sérthetetlen,ADJ
1,sértett,ADJ
1,serényebb,ADJ
1,serény,ADJ
1,seregi,ADJ
1,sereges,ADJ
1,serdült,ADJ
1,serdülő,ADJ
1,semleges,ADJ
1,selyemszőke,ADJ
1,segítni,ADJ
1,segitni,ADJ
1,seggi,ADJ
1,sebesebben,ADJ
1,sebesebb,ADJ
1,sebei,ADJ
1,sávos,ADJ
1,sátorbeli,ADJ
1,sátoralja,ADJ
1,satnya,ADJ
1,sásidomú,ADJ
1,sarki,ADJ
1,sárkányforma,ADJ
1,sarkantyús,ADJ
1,sárgazöld,ADJ
1,sárgapitykés,ADJ
1,sanyarúbb,ADJ
1,sánti,ADJ
1,sánta-béna,ADJ
1,sanior,ADJ
1,sancos,ADJ
1,sajongó,ADJ
1,sajátságos,ADJ
1,rút-piszkosan,ADJ
1,rüpő,ADJ
1,ruhaszárító,ADJ
1,rúgó,ADJ
1,ruganyos,ADJ
1,rózsólis,ADJ
1,rózsás,ADJ
1,rózsapiros,ADJ
1,rózsa-özönlő,ADJ
1,rózsagyepű,ADJ
1,rövidlátó,ADJ
1,rövidke,ADJ
1,rovatú,ADJ
1,rovátkos,ADJ
1,rotyogó,ADJ
1,rothadt,ADJ
1,rothadó,ADJ
1,rothadékony,ADJ
1,rostái,ADJ
1,röst,ADJ
1,rosszabbik,ADJ
1,Rospontos,ADJ
1,röpűlő,ADJ
1,röpűlö,ADJ
1,röpülékeny,ADJ
1,röptön,ADJ
1,rongált,ADJ
1,rónatáji,ADJ
1,rónaszéki,ADJ
1,roma,ADJ
1,rókacsapás,ADJ
1,rojtos,ADJ
1,rohanólag,ADJ
1,rohadt,ADJ
1,rögtöni,ADJ
1,rőfös,ADJ
1,robogó,ADJ
1,rívó,ADJ
1,ritkaszép,ADJ
1,ringó,ADJ
1,ringató,ADJ
1,ringa,ADJ
1,rímelő,ADJ
1,rimaszécsi,ADJ
1,rikoltott,ADJ
1,ridegen,ADJ
1,riaszt,ADJ
1,riadt,ADJ
1,riadós,ADJ
1,riadási,ADJ
1,riad,ADJ
1,rettenhetetlen,ADJ
1,rettenetesb,ADJ
1,rettegő,ADJ
1,rettegi,ADJ
1,részvétes,ADJ
1,részi,ADJ
1,reszelten,ADJ
1,részeges,ADJ
1,résútszemű,ADJ
1,résen,ADJ
1,rés,ADJ
1,repülő,ADJ
1,rendületlen,ADJ
1,rendítő,ADJ
1,rendetlen,ADJ
1,rendeleti,ADJ
1,réműlt,ADJ
1,rémriadalmas,ADJ
1,rémletes,ADJ
1,rémítő,ADJ
1,rémesen,ADJ
1,reményteljes,ADJ
1,reménytelen,ADJ
1,reményi,ADJ
1,reménydús,ADJ
1,reménybeli,ADJ
1,remeken,ADJ
1,relytélyes,ADJ
1,rekegő,ADJ
1,rejtő,ADJ
1,rejtező,ADJ
1,rejtélyes,ADJ
1,rejtelmes,ADJ
1,rej,ADJ
1,rei,ADJ
1,redves,ADJ
1,redőtlen,ADJ
1,redős,ADJ
1,redői,ADJ
1,recésen,ADJ
1,rebengés,ADJ
1,reális,ADJ
1,rázós,ADJ
1,rázkodás,ADJ
1,rátermett,ADJ
1,rászakadt,ADJ
1,Rasdi,ADJ
1,rangú,ADJ
1,rangos,ADJ
1,rangjó,ADJ
1,rangbéli,ADJ
1,rámosolygó,ADJ
1,rákosi,ADJ
1,rajnai,ADJ
1,ragyogóbb,ADJ
1,rágódó,ADJ
1,rágó,ADJ
1,ragaszkodó,ADJ
1,ragadó,ADJ
1,ragad,ADJ
1,radványi,ADJ
1,radnai,ADJ
1,radikáli,ADJ
1,rácul,ADJ
1,rabszolgai,ADJ
1,rab,ADJ
1,q-i,ADJ
1,pusztuló,ADJ
1,pusztító,ADJ
1,pusztaságos,ADJ
1,puszta-nyersen,ADJ
1,pupos,ADJ
1,puha-melegen,ADJ
1,puhább,ADJ
1,puffogató,ADJ
1,puffanó,ADJ
1,puffadt,ADJ
1,Puffadozó,ADJ
1,propriis,ADJ
1,proletár,ADJ
1,privát,ADJ
1,pötyögő,ADJ
1,potyogó,ADJ
1,potrohos,ADJ
1,pótoló,ADJ
1,poshadt,ADJ
1,por-puffogtató,ADJ
1,Pőrölye,ADJ
1,porlepett,ADJ
1,porladó,ADJ
1,pörkerülő,ADJ
1,porkapáló,ADJ
1,porjó,ADJ
1,póri,ADJ
1,pőre,ADJ
1,pöre,ADJ
1,porcsalmai,ADJ
1,porbul,ADJ
1,porb,ADJ
1,porai,ADJ
1,pompáju,ADJ
1,polgártársi,ADJ
1,pokolbul,ADJ
1,pokolbeli,ADJ
1,pofozott,ADJ
1,pocsék,ADJ
1,pockos,ADJ
1,plenus,ADJ
1,plebs,ADJ
1,pityus,ADJ
1,pitvarbul,ADJ
1,piszoktele,ADJ
1,piszkos,ADJ
1,pisze,ADJ
1,pislogó,ADJ
1,pirosítós,ADJ
1,pironságos,ADJ
1,pirított,ADJ
1,pipafüstös,ADJ
1,pintes,ADJ
1,pinduszi,ADJ
1,pimaszos,ADJ
1,pimaszi,ADJ
1,pillogató,ADJ
1,pillangói,ADJ
1,pikkelyes,ADJ
1,pihentebb,ADJ
1,pieri,ADJ
1,picinyke,ADJ
1,phlegetóni,ADJ
1,philoméla,ADJ
1,pezsgett,ADJ
1,pestises,ADJ
1,pertelen,ADJ
1,permeteg,ADJ
1,pergi,ADJ
1,peregrinusi,ADJ
1,pénteki,ADJ
1,pengős,ADJ
1,penészesen,ADJ
1,pellas,ADJ
1,példabeszédes,ADJ
1,pedant,ADJ
1,peckes,ADJ
1,pázsitos,ADJ
1,pazar,ADJ
1,pávai,ADJ
1,patyolatjó,ADJ
1,pattantyús,ADJ
1,pattant,ADJ
1,pátkai,ADJ
1,párz,ADJ
1,párthívei,ADJ
1,pártfogoló,ADJ
1,pártfogó,ADJ
1,pártbeli,ADJ
1,párjó,ADJ
1,párjavesztett,ADJ
1,paris,ADJ
1,paripás,ADJ
1,párduszlakta,ADJ
1,páratlan,ADJ
1,paraszti,ADJ
1,parancsi,ADJ
1,papucs,ADJ
1,paprikás,ADJ
1,pápaszemes,ADJ
1,pantalonos,ADJ
1,páncélosan,ADJ
1,panaszú,ADJ
1,panaszteljes,ADJ
1,panaszos,ADJ
1,panaszi,ADJ
1,palotásan,ADJ
1,palotás,ADJ
1,pállott,ADJ
1,pajtás,ADJ
1,pajkosan,ADJ
1,özvegyen,ADJ
1,övezett,ADJ
1,oves,ADJ
1,ötvenim,ADJ
1,ötvenes,ADJ
1,ottlévő,ADJ
1,otthonias,ADJ
1,otthoni,ADJ
1,ötödéves,ADJ
1,ötlépésnyi,ADJ
1,ótalmazó,ADJ
1,osztott,ADJ
1,ösztönző,ADJ
1,ösztönszerű,ADJ
1,oszthatatlan,ADJ
1,osztatlanul,ADJ
1,osztatlan,ADJ
1,oszlott,ADJ
1,oszlopos,ADJ
1,őszhajú,ADJ
1,ostorozó,ADJ
1,ostoratlan,ADJ
1,ostobább,ADJ
1,összezsúfolt,ADJ
1,összevétni,ADJ
1,összevegyí,ADJ
1,összetört,ADJ
1,összetörött,ADJ
1,összeszorult,ADJ
1,összerogyott,ADJ
1,összerogyó,ADJ
1,összenyomott,ADJ
1,összement,ADJ
1,összekuszált,ADJ
1,összekulcsoló,ADJ
1,összekapott,ADJ
1,összehi,ADJ
1,összeharácsolt,ADJ
1,összegyült,ADJ
1,összegyülemlő,ADJ
1,összegyűjtött,ADJ
1,összegyüj,ADJ
1,összefont,ADJ
1,összefolyó,ADJ
1,összefagyott,ADJ
1,összedőlt,ADJ
1,összecsukó,ADJ
1,összebomlott,ADJ
1,ösmerős,ADJ
1,Ösméretlen,ADJ
1,ös,ADJ
1,orvosló,ADJ
1,örves,ADJ
1,őrvényes,ADJ
1,őrűletes,ADJ
1,örüle,ADJ
1,országú,ADJ
1,orsós,ADJ
1,orrú,ADJ
1,oroszlánkő,ADJ
1,oroszi,ADJ
1,orosházi,ADJ
1,örömteli,ADJ
1,örömtelen,ADJ
1,oromr,ADJ
1,öröm-éljent,ADJ
1,örömbül,ADJ
1,őrölt,ADJ
1,örökül,ADJ
1,örököss,ADJ
1,örökösi,ADJ
1,örökölt,ADJ
1,öröklött,ADJ
1,öröklő,ADJ
1,örök-állandó,ADJ
1,ormi,ADJ
1,őrlő,ADJ
1,örjöngő,ADJ
1,örjöngeni,ADJ
1,őrízvén,ADJ
1,óriáss,ADJ
1,öregesen,ADJ
1,öregebb,ADJ
1,öregb,ADJ
1,ördöngös,ADJ
1,orditott,ADJ
1,orditó,ADJ
1,oráni,ADJ
1,Óra-hosszúan,ADJ
1,óperenciás,ADJ
1,önzéstelen,ADJ
1,önthető,ADJ
1,öntetű,ADJ
1,önös,ADJ
1,öngyilkos,ADJ
1,önfeledt,ADJ
1,önérzőbb,ADJ
1,önbecsérzett,ADJ
1,ónas,ADJ
1,on,ADJ
1,omladozott,ADJ
1,olyanforma,ADJ
1,olvasztó,ADJ
1,olvastati,ADJ
1,öltözött,ADJ
1,öltözetű,ADJ
1,öltözetlen,ADJ
1,öltögető,ADJ
1,olthatatlan,ADJ
1,ólmodi,ADJ
1,ölbeli,ADJ
1,oláhul,ADJ
1,okozta,ADJ
1,okoss,ADJ
1,öklöző,ADJ
1,öklös,ADJ
1,öklömnyi,ADJ
1,ökli,ADJ
1,okbul,ADJ
1,óhajtott,ADJ
1,ohaj,ADJ
1,őgyelgő,ADJ
1,odvas,ADJ
1,ódon,ADJ
1,odavetett,ADJ
1,odavert,ADJ
1,odalopott,ADJ
1,odakü,ADJ
1,odakapott,ADJ
1,odaillő,ADJ
1,odafeküdt,ADJ
1,obsitos,ADJ
1,öblögető,ADJ
1,öbli,ADJ
1,ö,ADJ
1,nyüzsgő,ADJ
1,nyúzó,ADJ
1,nyusztos,ADJ
1,nyúlfarknyi,ADJ
1,nyújtóztató,ADJ
1,nyujtóztató,ADJ
1,nyuj,ADJ
1,nyugva,ADJ
1,nyűgöző,ADJ
1,nyúgovó,ADJ
1,Nyúgoti,ADJ
1,nyúgoti,ADJ
1,nyúgodalmas,ADJ
1,nyúgati,ADJ
1,nyugati,ADJ
1,nyugasztó,ADJ
1,nyomos,ADJ
1,nyomosabban,ADJ
1,nyomorék,ADJ
1,nyomdoki,ADJ
1,nyomatékú,ADJ
1,nyomatékosb,ADJ
1,nyomasztó,ADJ
1,nyolcéves,ADJ
1,nyítt,ADJ
1,nyilt,ADJ
1,nyilalló,ADJ
1,Nyers-nyakas,ADJ
1,nyerges,ADJ
1,nyergelő,ADJ
1,nyereségesebb,ADJ
1,nyelvrontó,ADJ
1,nyeles,ADJ
1,nyavalyásan,ADJ
1,nyavalyás,ADJ
1,nyárs,ADJ
1,nyáres,ADJ
1,nyakú,ADJ
1,nyaktörő,ADJ
1,nyakasabb,ADJ
1,nyájasb,ADJ
1,novemberi,ADJ
1,növekvő,ADJ
1,nov,ADJ
1,nőttön-növő,ADJ
1,nőtt,ADJ
1,nótáros,ADJ
1,nomád,ADJ
1,nógrádi,ADJ
1,nicolaus,ADJ
1,nibelungi,ADJ
1,nézői,ADJ
1,néző,ADJ
1,nézdeli,ADJ
1,néz,ADJ
1,névr,ADJ
1,nevi,ADJ
1,neveztetett,ADJ
1,nevezett,ADJ
1,nevez,ADJ
1,nevetős,ADJ
1,nevetlen,ADJ
1,nevelt,ADJ
1,nevekedő,ADJ
1,neszelt,ADJ
1,népi,ADJ
1,nemű,ADJ
1,nem-tiszta,ADJ
1,nemtelen,ADJ
1,nem-sült,ADJ
1,Nem-nyírt,ADJ
1,nem-liberális,ADJ
1,nem-honi,ADJ
1,Nem-földi,ADJ
1,nem-fizetősdi,ADJ
1,nemesis,ADJ
1,nemesi,ADJ
1,nemesebb,ADJ
1,némberi,ADJ
1,nemadózó,ADJ
1,nem-adható,ADJ
1,nekizúdí,ADJ
1,nekivetett,ADJ
1,nekivadultan,ADJ
1,nekibágyadt,ADJ
1,nehezes,ADJ
1,négyszeres,ADJ
1,négyszegű,ADJ
1,natóli,ADJ
1,násznagyosan,ADJ
1,narcissusi,ADJ
1,naptalan,ADJ
1,napt,ADJ
1,napszámos,ADJ
1,naponti,ADJ
1,napjó,ADJ
1,naphosszúan,ADJ
1,napfényesebb,ADJ
1,nagyszivű,ADJ
1,nagyszámú,ADJ
1,nagy-sebten,ADJ
1,nagyratörő,ADJ
1,nagyothalló,ADJ
1,Nagy-nehezen,ADJ
1,nagynehezen,ADJ
1,nagy-nehezen,ADJ
1,nagy-mohón,ADJ
1,nagy-merészen,ADJ
1,nagylelkűn,ADJ
1,nagylelkű,ADJ
1,nagykörmű,ADJ
1,nagy-komoran,ADJ
1,nagykomolyan,ADJ
1,nagykeservesen,ADJ
1,nagykendős,ADJ
1,nagykegyesen,ADJ
1,nagyidai,ADJ
1,nagyhitű,ADJ
1,Nagy-hirtelen,ADJ
1,nagyhíres,ADJ
1,nagyhasú,ADJ
1,Nagy-biztosan,ADJ
1,nagy-betegen,ADJ
1,nagy-begyesen,ADJ
1,Nagy-Becskerek,ADJ
1,Nagy-bátran,ADJ
1,nádtorsos,ADJ
1,nádlaki,ADJ
1,náci,ADJ
1,müves,ADJ
1,müvelt,ADJ
1,műveletlen,ADJ
1,müveletlen,ADJ
1,műtani,ADJ
1,musszáj,ADJ
1,murányi,ADJ
1,muránybeli,ADJ
1,munka-feszítetten,ADJ
1,múlta,ADJ
1,múlékony,ADJ
1,mulatságos,ADJ
1,múlató,ADJ
1,mulató,ADJ
1,mozdulatlan,ADJ
1,mozdítni,ADJ
1,motozó,ADJ
1,Moráva,ADJ
1,morajjó,ADJ
1,mondvacsinált,ADJ
1,mondolatos,ADJ
1,mondható,ADJ
1,mondatlan,ADJ
1,moldvai,ADJ
1,mokány,ADJ
1,mohlepte,ADJ
1,mögen,ADJ
1,mögei,ADJ
1,modorú,ADJ
1,módjó,ADJ
1,mocsoktalan,ADJ
1,mocskos,ADJ
1,mocsaras,ADJ
1,moccant,ADJ
1,móc,ADJ
1,mivel,ADJ
1,Mithridates,ADJ
1,mitévő,ADJ
1,mirevaló,ADJ
1,mir,ADJ
1,minő,ADJ
1,mindünn,ADJ
1,mindig-kész,ADJ
1,mindegyik,ADJ
1,mily,ADJ
1,mílő,ADJ
1,milieus,ADJ
1,mikrokosmos,ADJ
1,miféle,ADJ
1,midás,ADJ
1,mézteljes,ADJ
1,mezítelen,ADJ
1,mezetlen,ADJ
1,mézesmázos,ADJ
1,mézédes,ADJ
1,mézbábos,ADJ
1,metszős,ADJ
1,metas,ADJ
1,meszelő,ADJ
1,mészáros,ADJ
1,messzibb,ADJ
1,messzehangzó,ADJ
1,messzedöngő,ADJ
1,mesebeli,ADJ
1,merült,ADJ
1,mérsékleti,ADJ
1,mérsékelt,ADJ
1,mérnöki,ADJ
1,mérhető,ADJ
1,mérhetetlen,ADJ
1,mérgesebben,ADJ
1,mérgesebb,ADJ
1,merészül,ADJ
1,merészelt,ADJ
1,merengő,ADJ
1,Méreg-édes,ADJ
1,meredten,ADJ
1,meredő,ADJ
1,mer,ADJ
1,menyekzős,ADJ
1,mentül,ADJ
1,mentsen,ADJ
1,menti,ADJ
1,ment,ADJ
1,Mennydörögő,ADJ
1,mennybeli,ADJ
1,mennyasszonyi,ADJ
1,ménkő,ADJ
1,méness,ADJ
1,ménesi,ADJ
1,Ménes-gulyabeli,ADJ
1,menekűlt,ADJ
1,menedéki,ADJ
1,mélységű,ADJ
1,mélyedő,ADJ
1,méltóságosan,ADJ
1,méltón,ADJ
1,méltatlanul,ADJ
1,mellvas,ADJ
1,melles,ADJ
1,melengető,ADJ
1,mélabús,ADJ
1,mekegő,ADJ
1,megyebéli,ADJ
1,mégy,ADJ
1,megvíni,ADJ
1,megvénült,ADJ
1,megváltó,ADJ
1,megütött,ADJ
1,megunt,ADJ
1,megűlni,ADJ
1,megújultan,ADJ
1,megujúlt,ADJ
1,megtud,ADJ
1,megtörötten,ADJ
1,megtorolha,ADJ
1,megtorló,ADJ
1,megtompult,ADJ
1,megtermett,ADJ
1,megtérdelt,ADJ
1,megszű,ADJ
1,megszokott,ADJ
1,megszerető,ADJ
1,megszeret,ADJ
1,megszabott,ADJ
1,megsodorítva,ADJ
1,megrontó,ADJ
1,megrokkant,ADJ
1,megriadó,ADJ
1,megrebbent,ADJ
1,megrázó,ADJ
1,megragad,ADJ
1,megoszthatatlan,ADJ
1,Megörűlt,ADJ
1,megölő,ADJ
1,megoldott,ADJ
1,megnyílt,ADJ
1,megnyílott,ADJ
1,megnyíladozott,ADJ
1,megmutattatott,ADJ
1,megmozzú,ADJ
1,megmond,ADJ
1,megmért,ADJ
1,Meg-megállott,ADJ
1,meglehetős,ADJ
1,meglátogatandó,ADJ
1,meglapult,ADJ
1,megkönnyezetlen,ADJ
1,megkisértő,ADJ
1,megkísértendő,ADJ
1,megkisért,ADJ
1,megkiméli,ADJ
1,megkezd,ADJ
1,megjósolt,ADJ
1,megjelen,ADJ
1,megindultan,ADJ
1,megígért,ADJ
1,megifjodott,ADJ
1,megholt,ADJ
1,meghiusul,ADJ
1,meghatárzott,ADJ
1,meghalt,ADJ
1,meghajnallott,ADJ
1,meghagyott,ADJ
1,megfordít,ADJ
1,megfogyatkozott,ADJ
1,megfogadó,ADJ
1,megfigyelt,ADJ
1,megfeszített,ADJ
1,megesküvén,ADJ
1,megértendő,ADJ
1,megeresztett,ADJ
1,megelőzendő,ADJ
1,megélemedett,ADJ
1,megdördülő,ADJ
1,megcsalt,ADJ
1,megbántott,ADJ
1,megavúlt,ADJ
1,megavult,ADJ
1,megállott,ADJ
1,megállít,ADJ
1,megáldott,ADJ
1,megalázó,ADJ
1,megadó,ADJ
1,megad,ADJ
1,medvebőrös,ADJ
1,meddőségi,ADJ
1,mázos,ADJ
1,materialis,ADJ
1,másvilági,ADJ
1,masült,ADJ
1,masszai,ADJ
1,másolgató,ADJ
1,másnemű,ADJ
1,más,ADJ
1,mártírai,ADJ
1,marqueurös,ADJ
1,maróti,ADJ
1,maró,ADJ
1,márkus,ADJ
1,markú,ADJ
1,marhabaráti,ADJ
1,maréknyi,ADJ
1,mardosó,ADJ
1,mardos,ADJ
1,márciusi,ADJ
1,maradott,ADJ
1,maradós,ADJ
1,maradandó,ADJ
1,mámoros,ADJ
1,málhavivői,ADJ
1,malacőrző,ADJ
1,makaróni,ADJ
1,makacsabb,ADJ
1,májusi,ADJ
1,majó,ADJ
1,majmai,ADJ
1,majdani,ADJ
1,máj,ADJ
1,mahomet,ADJ
1,magyar-miskásan,ADJ
1,magyarhoni,ADJ
1,magyarabb,ADJ
1,magvaszakadt,ADJ
1,magtalan,ADJ
1,magosbul,ADJ
1,magosabb,ADJ
1,mágnási,ADJ
1,magasztaló,ADJ
1,magassan,ADJ
1,magasló,ADJ
1,magasabb,ADJ
1,magánérdekű,ADJ
1,magahitt,ADJ
1,madárlátta,ADJ
1,madárfogó,ADJ
1,madarászó,ADJ
1,madarai,ADJ
1,macskai,ADJ
1,lyukasan,ADJ
1,lyánykori,ADJ
1,lyányképű,ADJ
1,ly,ADJ
1,lustos,ADJ
1,lud,ADJ
1,lucri,ADJ
1,lövellő,ADJ
1,lovár,ADJ
1,losonci,ADJ
1,lopott,ADJ
1,loncsos,ADJ
1,lombr,ADJ
1,lombár,ADJ
1,lökös,ADJ
1,löki,ADJ
1,lohadt,ADJ
1,lobogású,ADJ
1,lisztes,ADJ
1,liliomos,ADJ
1,liberárius,ADJ
1,liberáris,ADJ
1,liberalis,ADJ
1,l*i,ADJ
1,lezuhant,ADJ
1,leviathán,ADJ
1,levágott,ADJ
1,leülő,ADJ
1,letűnt,ADJ
1,letörötten,ADJ
1,létlen,ADJ
1,letisztázottan,ADJ
1,letett,ADJ
1,letészi,ADJ
1,létesített,ADJ
1,leterített,ADJ
1,lete,ADJ
1,leszúrt,ADJ
1,leszú,ADJ
1,leszerelt,ADJ
1,leszédítő,ADJ
1,leszállított,ADJ
1,leszakított,ADJ
1,leszakajtott,ADJ
1,leszakadt,ADJ
1,lesütött,ADJ
1,lesulykolt,ADJ
1,lesuj,ADJ
1,lesodró,ADJ
1,lesikált,ADJ
1,leront,ADJ
1,lerombolt,ADJ
1,lerogyott,ADJ
1,lernai,ADJ
1,lepottyant,ADJ
1,lépésnyi,ADJ
1,lepedős,ADJ
1,lépdes,ADJ
1,lépcsős,ADJ
1,leöntött,ADJ
1,leöntő,ADJ
1,leonidás,ADJ
1,leölt,ADJ
1,leol,ADJ
1,lenyugvó,ADJ
1,lenyomott,ADJ
1,lennsötétlő,ADJ
1,lenge-sásas,ADJ
1,lengébb,ADJ
1,lemosandó,ADJ
1,lemetz,ADJ
1,lembergi,ADJ
1,lemásoló,ADJ
1,lelkiösméretes,ADJ
1,lelkigható,ADJ
1,lelkesülten,ADJ
1,lelkesi,ADJ
1,lelkemt,ADJ
1,lejtős,ADJ
1,lejtő,ADJ
1,lejáró,ADJ
1,Leirhatatlan,ADJ
1,léhűtő,ADJ
1,lehullott,ADJ
1,lehulló,ADJ
1,lehetséges,ADJ
1,lehazudandó,ADJ
1,lehallatszó,ADJ
1,lehajt,ADJ
1,legye,ADJ
1,légy-csipés,ADJ
1,legvirítóbb,ADJ
1,legvégső,ADJ
1,legszemesb,ADJ
1,legsűrü,ADJ
1,legsúlyosb,ADJ
1,Legörömest,ADJ
1,legörnyedt,ADJ
1,legokosb,ADJ
1,legnépesb,ADJ
1,legkülönb,ADJ
1,legközelébb,ADJ
1,legis-jóbban,ADJ
1,legidősb,ADJ
1,leghenyélő,ADJ
1,legfől,ADJ
1,legényi,ADJ
1,legényes,ADJ
1,legelő,ADJ
1,legeletlen,ADJ
1,legelészett,ADJ
1,legdeliebb,ADJ
1,legcsúfosb,ADJ
1,legbenső,ADJ
1,légbeli,ADJ
1,legbajnokabbra,ADJ
1,lefutó,ADJ
1,lefoszlott,ADJ
1,lefekvő,ADJ
1,lefejt,ADJ
1,leesett,ADJ
1,leend,ADJ
1,leégett,ADJ
1,ledörgött,ADJ
1,ledönthetetlen,ADJ
1,ledőlt,ADJ
1,ledölt,ADJ
1,ledobbanó,ADJ
1,ledéren,ADJ
1,lecsepűli,ADJ
1,léces,ADJ
1,lebüvölt,ADJ
1,leboruló,ADJ
1,lebke,ADJ
1,leányú,ADJ
1,leánykori,ADJ
1,lázongó,ADJ
1,lázadozó,ADJ
1,lávás,ADJ
1,látogatói,ADJ
1,lány-megölő,ADJ
1,langyos,ADJ
1,lángszinű,ADJ
1,lángajki,ADJ
1,láncolt,ADJ
1,láncolatos,ADJ
1,lámpási,ADJ
1,lalli,ADJ
1,lakzi,ADJ
1,laktársi,ADJ
1,lakatos,ADJ
1,lajhár,ADJ
1,lágyult,ADJ
1,lágymelegen,ADJ
1,ladányi,ADJ
1,lábnyi,ADJ
1,lábbeli,ADJ
1,labanc,ADJ
1,küzködő,ADJ
1,küzdő,ADJ
1,küzdni,ADJ
1,kutyalelkű,ADJ
1,kutyabőrtelen,ADJ
1,kutyabőrös,ADJ
1,kürtösi,ADJ
1,kurtább,ADJ
1,kurjantott,ADJ
1,kurázsijó,ADJ
1,kupeces,ADJ
1,kupai,ADJ
1,kunsági,ADJ
1,kunos,ADJ
1,kuncogó,ADJ
1,kun,ADJ
1,különnemű,ADJ
1,külön-külön,ADJ
1,különféle,ADJ
1,különb-különb,ADJ
1,különálló,ADJ
1,kullogó,ADJ
1,küldöttségi,ADJ
1,külde,ADJ
1,kulcsolt,ADJ
1,kuhin,ADJ
1,krimi,ADJ
1,krajcáros,ADJ
1,közrendű,ADJ
1,közönségesen,ADJ
1,közömbös,ADJ
1,kozmopolita,ADJ
1,közleményi,ADJ
1,közi,ADJ
1,középszerű,ADJ
1,közepébül,ADJ
1,közelítő,ADJ
1,közelgő,ADJ
1,közbirtokos,ADJ
1,közbejáró,ADJ
1,köz,ADJ
1,kövi,ADJ
1,kövezett,ADJ
1,következetlen,ADJ
1,követi,ADJ
1,kövéren,ADJ
1,kötte,ADJ
1,kotnyeles,ADJ
1,kotló,ADJ
1,kothurnus,ADJ
1,kötetlen,ADJ
1,köteles,ADJ
1,köszörűtlen,ADJ
1,koszorúsdi,ADJ
1,köszörűs,ADJ
1,köszörült,ADJ
1,köszörűlni,ADJ
1,köszönt,ADJ
1,kőszívű,ADJ
1,kőszáli,ADJ
1,körülfolyó,ADJ
1,körülálló,ADJ
1,kortes,ADJ
1,kőrös,ADJ
1,körös,ADJ
1,kóros,ADJ
1,koronázó,ADJ
1,Körny,ADJ
1,körmös,ADJ
1,körmi,ADJ
1,kormányzó,ADJ
1,kormányvivő,ADJ
1,kormánytalan,ADJ
1,kormányozó,ADJ
1,kormányellenies,ADJ
1,kormányelleni,ADJ
1,korhadt,ADJ
1,korhadozó,ADJ
1,korhadó,ADJ
1,Kordovány,ADJ
1,korcs,ADJ
1,korább,ADJ
1,kopogó,ADJ
1,köpcösebb,ADJ
1,Kopasz-szájú,ADJ
1,könyves,ADJ
1,könyörülő,ADJ
1,könyörű,ADJ
1,konyhai,ADJ
1,konya,ADJ
1,kontyos,ADJ
1,könnyűlt,ADJ
1,könnyelmű,ADJ
1,könnybeborult,ADJ
1,konkrét,ADJ
1,kongó,ADJ
1,kondorosi,ADJ
1,kondor,ADJ
1,kőmüvesi,ADJ
1,kölykös,ADJ
1,kólyi,ADJ
1,költ,ADJ
1,kolosszi,ADJ
1,kolocintosi,ADJ
1,koló,ADJ
1,kolerás,ADJ
1,koldús,ADJ
1,kolduló,ADJ
1,kölcsönző,ADJ
1,kölcsön,ADJ
1,kolcsagos,ADJ
1,kőhajításnyi,ADJ
1,ködszerűn,ADJ
1,ködi,ADJ
1,köcsögi,ADJ
1,kocsis,ADJ
1,kócos,ADJ
1,kőbül,ADJ
1,klasszikus,ADJ
1,klasszikai,ADJ
1,klassicus,ADJ
1,kizöldellő,ADJ
1,kizárt,ADJ
1,kivívott,ADJ
1,kivezető,ADJ
1,kivető,ADJ
1,kivetett,ADJ
1,kivánságt,ADJ
1,kívánatosb,ADJ
1,kívánatos,ADJ
1,kiváltságos,ADJ
1,kiváló,ADJ
1,kiválasztott,ADJ
1,kivágott,ADJ
1,kiüri,ADJ
1,kiűlő,ADJ
1,kiújuló,ADJ
1,kitürés,ADJ
1,kitűnő,ADJ
1,kitörőleg,ADJ
1,kitörő,ADJ
1,kitoldák,ADJ
1,kitol,ADJ
1,kitelt,ADJ
1,kitartó,ADJ
1,kitanult,ADJ
1,kitagadt,ADJ
1,kiszóli,ADJ
1,kiszögellt,ADJ
1,kiszed,ADJ
1,kiszámolt,ADJ
1,kiszállott,ADJ
1,kiszálló,ADJ
1,kiszabá,ADJ
1,kisugárzó,ADJ
1,Kis-szerű,ADJ
1,kiss,ADJ
1,kiskunsági,ADJ
1,kiskirályi,ADJ
1,kisírott,ADJ
1,kisfaludi,ADJ
1,kisérgeti,ADJ
1,kisebb-nagyobb,ADJ
1,kirekesztőleg,ADJ
1,királynéjó,ADJ
1,kirakott,ADJ
1,kipattant,ADJ
1,kiöntött,ADJ
1,kiomlott,ADJ
1,kiomló,ADJ
1,kiöltött,ADJ
1,kinyúló,ADJ
1,kinyujtott,ADJ
1,kinyitott,ADJ
1,kinyílott,ADJ
1,kínozó,ADJ
1,kínlódó,ADJ
1,kinézésű,ADJ
1,kincstaláló,ADJ
1,kincs-érő,ADJ
1,kincsei,ADJ
1,kincsásó,ADJ
1,kimutatható,ADJ
1,kimondható,ADJ
1,kimérten,ADJ
1,kimagasúlt,ADJ
1,kikötős,ADJ
1,kikiséri,ADJ
1,kikiríkitelen,ADJ
1,kikiáltott,ADJ
1,kikiáltandó,ADJ
1,kikezd,ADJ
1,kikért,ADJ
1,kikelő,ADJ
1,kijőni,ADJ
1,kijelölt,ADJ
1,kijelent,ADJ
1,kihűlt,ADJ
1,kihű,ADJ
1,kihívó,ADJ
1,kigyulva,ADJ
1,kigyói,ADJ
1,kifosztott,ADJ
1,kifordít,ADJ
1,kifol,ADJ
1,kifogásoló,ADJ
1,kifeszített,ADJ
1,kifestett,ADJ
1,kifakadtan,ADJ
1,kieszelt,ADJ
1,kiemelkedő,ADJ
1,kiéhezett,ADJ
1,kicsínyes,ADJ
1,kicsinyded,ADJ
1,kiaszott,ADJ
1,kiáradt,ADJ
1,kiapasztandó,ADJ
1,kiáltó,ADJ
1,kiadási,ADJ
1,kiad,ADJ
1,kha,ADJ
1,kézzelfogható,ADJ
1,kézvonási,ADJ
1,kézfogási,ADJ
1,kezdő,ADJ
1,kezdetlen,ADJ
1,kezdeti,ADJ
1,kézbeli,ADJ
1,kettészakított,ADJ
1,kétszeri,ADJ
1,kétségtelen,ADJ
1,kétségesen,ADJ
1,kétségbeesett,ADJ
1,kétértelmű,ADJ
1,készületi,ADJ
1,készített,ADJ
1,készebb,ADJ
1,későbben,ADJ
1,keservesebb,ADJ
1,keserűn,ADJ
1,keserűbben,ADJ
1,keserí,ADJ
1,keselyű,ADJ
1,kesely,ADJ
1,keselű,ADJ
1,kerűli,ADJ
1,kérőleg,ADJ
1,kérődző,ADJ
1,kérő,ADJ
1,keritett,ADJ
1,kérges,ADJ
1,kerge,ADJ
1,keresztyéni,ADJ
1,keresztény,ADJ
1,kereső,ADJ
1,keresett,ADJ
1,kérdően,ADJ
1,kérdő,ADJ
1,kérdetlen,ADJ
1,képzelmi,ADJ
1,KÉP-mutogató,ADJ
1,képmutatólag,ADJ
1,képmutató,ADJ
1,kényúri,ADJ
1,Kénytelen-kelletlen,ADJ
1,kényelmes,ADJ
1,kenőfenő,ADJ
1,kendős,ADJ
1,kémlő,ADJ
1,kelta,ADJ
1,kellős,ADJ
1,kelletlen,ADJ
1,keletkező,ADJ
1,kékvörös,ADJ
1,kékülő,ADJ
1,kékszínű,ADJ
1,kéjteli,ADJ
1,kehes,ADJ
1,kegyelmesen,ADJ
1,ke-gyelmes,ADJ
1,kefélt,ADJ
1,kedvű,ADJ
1,kedvkereső,ADJ
1,kedvező,ADJ
1,Kedve-szegetten,ADJ
1,kedvenc,ADJ
1,kedvelt,ADJ
1,kecskei,ADJ
1,kebelű,ADJ
1,kebelen,ADJ
1,kavicsos,ADJ
1,kavargó,ADJ
1,katonás,ADJ
1,katalóni,ADJ
1,kaszás,ADJ
1,kastélyi,ADJ
1,káspi,ADJ
1,kásás,ADJ
1,kártyai,ADJ
1,karthauzi,ADJ
1,kárpitos,ADJ
1,kárpátvidéki,ADJ
1,karos,ADJ
1,káromoló,ADJ
1,káromkodó,ADJ
1,karlsbadi,ADJ
1,karli,ADJ
1,karimájú,ADJ
1,karikás,ADJ
1,kárhoztató,ADJ
1,kardú,ADJ
1,kardjó,ADJ
1,kár,ADJ
1,karácsonyi,ADJ
1,kapus,ADJ
1,kapunálló,ADJ
1,kapuján-állói,ADJ
1,kapuféltül,ADJ
1,kapufelen,ADJ
1,kapós,ADJ
1,kapható,ADJ
1,kapcsos,ADJ
1,kanyargó,ADJ
1,kánoni,ADJ
1,kanóct,ADJ
1,kandi,ADJ
1,kancsi,ADJ
1,kancsal,ADJ
1,kanalas,ADJ
1,kályhafűtő,ADJ
1,kalitjó,ADJ
1,kalickás,ADJ
1,kalaúz,ADJ
1,kaláris,ADJ
1,kalapú,ADJ
1,kalandos,ADJ
1,kalandi,ADJ
1,kakass,ADJ
1,kajla,ADJ
1,kádenciás,ADJ
1,kádbeli,ADJ
1,kacagó,ADJ
1,jutottan,ADJ
1,jutányos,ADJ
1,juris,ADJ
1,jurassori,ADJ
1,junii,ADJ
1,juhőrző,ADJ
1,juhászkutyai,ADJ
1,jövevényi,ADJ
1,jött,ADJ
1,jó-téres,ADJ
1,jótékony,ADJ
1,jósló,ADJ
1,jósi,ADJ
1,jóságt,ADJ
1,jóságos,ADJ
1,jóravaló,ADJ
1,Jól-rosszul,ADJ
1,jólléti,ADJ
1,jókori,ADJ
1,jókora,ADJ
1,jóízű,ADJ
1,jó-hosszúan,ADJ
1,jöhető,ADJ
1,jogtalan,ADJ
1,jogszerű,ADJ
1,jobboldali,ADJ
1,jóbbik,ADJ
1,jobbágytelki,ADJ
1,jobbágyi,ADJ
1,jelessen,ADJ
1,jelenge,ADJ
1,jegyetlen,ADJ
1,jegyes,ADJ
1,Jebuzéus,ADJ
1,javas,ADJ
1,játszadozó,ADJ
1,játékszomjas,ADJ
1,jártasságu,ADJ
1,jártasan,ADJ
1,járatott,ADJ
1,járatos,ADJ
1,járatosabb,ADJ
1,járású,ADJ
1,jánosi,ADJ
1,jakabfalvi,ADJ
1,jaj-szomorún,ADJ
1,Jaj-keserves,ADJ
1,jaj-hegyes,ADJ
1,izzasz,ADJ
1,izzadtan,ADJ
1,izű,ADJ
1,izmosul,ADJ
1,izgatott,ADJ
1,ízetlen,ADJ
1,Izes,ADJ
1,izenő,ADJ
1,ivó,ADJ
1,itató,ADJ
1,iszogatott,ADJ
1,iszamós,ADJ
1,isten-teremtett,ADJ
1,istentelen,ADJ
1,isszonyú,ADJ
1,ismételi,ADJ
1,iskolás,ADJ
1,írul,ADJ
1,irtó,ADJ
1,irományi,ADJ
1,irodalmi,ADJ
1,írnoki,ADJ
1,irígy,ADJ
1,irásbeli,ADJ
1,invizis,ADJ
1,invisis,ADJ
1,intési,ADJ
1,inrázó,ADJ
1,innetső,ADJ
1,ingyenes,ADJ
1,ingoványi,ADJ
1,ingott,ADJ
1,ingatag,ADJ
1,infámis,ADJ
1,indus,ADJ
1,induló,ADJ
1,indulatjó,ADJ
1,indulati,ADJ
1,indulási,ADJ
1,impertinens,ADJ
1,immer,ADJ
1,iménti,ADJ
1,imás,ADJ
1,imádott,ADJ
1,imádó,ADJ
1,ílyes,ADJ
1,Ilyes,ADJ
1,illőn,ADJ
1,illető,ADJ
1,illetlen,ADJ
1,illendően,ADJ
1,illatú,ADJ
1,illatu,ADJ
1,illatosabb,ADJ
1,illanó,ADJ
1,ildomosabb,ADJ
1,ijedelmes,ADJ
1,II,ADJ
1,ihatatlan,ADJ
1,igy,ADJ
1,igéző,ADJ
1,igéri,ADJ
1,igazolt,ADJ
1,igazmondóbb,ADJ
1,igazhivő,ADJ
1,igás,ADJ
1,ifjúságabeli,ADJ
1,ifjúi,ADJ
1,ifjui,ADJ
1,ifjabb,ADJ
1,Idvezlő,ADJ
1,idvezítő,ADJ
1,idres-bodros,ADJ
1,időtlen,ADJ
1,idomú,ADJ
1,ídeál,ADJ
1,húzó,ADJ
1,huzamos,ADJ
1,húzakodó,ADJ
1,hűves,ADJ
1,hüves,ADJ
1,hűtlenül,ADJ
1,hűtlenségi,ADJ
1,huszadik,ADJ
1,husszoros,ADJ
1,húsos,ADJ
1,hűsebb,ADJ
1,hüs,ADJ
1,húros,ADJ
1,hurkolt,ADJ
1,hurjai,ADJ
1,hunyadi,ADJ
1,húmor-nélküli,ADJ
1,humoris,ADJ
1,hülye,ADJ
1,Hült,ADJ
1,hullékony,ADJ
1,hullámos,ADJ
1,Hullám-mosott,ADJ
1,hozzáférhetetlen,ADJ
1,hozó,ADJ
1,hószínű,ADJ
1,hosszúabbik,ADJ
1,hosszúabb,ADJ
1,hősei,ADJ
1,horkanási,ADJ
1,hordvák,ADJ
1,hordozó,ADJ
1,hordójó,ADJ
1,hord,ADJ
1,hontalanul,ADJ
1,hontalan,ADJ
1,honoratior,ADJ
1,honni,ADJ
1,honfitársi,ADJ
1,hónapos,ADJ
1,hónapi,ADJ
1,holt-eleven,ADJ
1,holmi,ADJ
1,hollandi,ADJ
1,hölgyi,ADJ
1,holdvilági,ADJ
1,holdnyi,ADJ
1,holdb,ADJ
1,högy,ADJ
1,hívságos,ADJ
1,hívott,ADJ
1,hivogató,ADJ
1,hivatott,ADJ
1,hivatlanul,ADJ
1,hivatalos,ADJ
1,hitványabb,ADJ
1,hitető,ADJ
1,hitelű,ADJ
1,hiteles,ADJ
1,hisztórikus,ADJ
1,hiszemű,ADJ
1,hírű,ADJ
1,hír-szerző,ADJ
1,hírnöki,ADJ
1,hírmondó,ADJ
1,híri,ADJ
1,híres-neves,ADJ
1,híresebb,ADJ
1,híréb,ADJ
1,hintói,ADJ
1,hímzettebb,ADJ
1,himlőhelyes,ADJ
1,hímesebb,ADJ
1,himbáló,ADJ
1,hihetőleg,ADJ
1,hígvelejű,ADJ
1,higgatag,ADJ
1,hídőrző,ADJ
1,hideglelős,ADJ
1,hideg-éles,ADJ
1,hibátlan,ADJ
1,hibátlanabb,ADJ
1,hiányos,ADJ
1,hexameteres,ADJ
1,hevítő,ADJ
1,hevesebb,ADJ
1,hevertebb,ADJ
1,hetvenhetedik,ADJ
1,héttollú,ADJ
1,hét-tollú,ADJ
1,hétszeresen,ADJ
1,Hét-magyar,ADJ
1,heti,ADJ
1,hetes,ADJ
1,heródeszi,ADJ
1,herodes,ADJ
1,hermeli,ADJ
1,hercegi,ADJ
1,her,ADJ
1,henye,ADJ
1,hentergetni,ADJ
1,hengeres,ADJ
1,helybenhagyó,ADJ
1,helybeli,ADJ
1,helybehagyólag,ADJ
1,helybehagyó,ADJ
1,hélas,ADJ
1,hegytetői,ADJ
1,hegyormi,ADJ
1,Hegyes-éles,ADJ
1,hegedűs,ADJ
1,héber,ADJ
1,házbeli,ADJ
1,hazavédő,ADJ
1,hazatért,ADJ
1,házasult,ADJ
1,haza-nélkül,ADJ
1,hazafias,ADJ
1,hatvani,ADJ
1,hatvanhatodik,ADJ
1,hatvanas,ADJ
1,hátuljó,ADJ
1,hátsó,ADJ
1,hátrakötött,ADJ
1,hátracsapott,ADJ
1,ható,ADJ
1,határtalan,ADJ
1,határszéli,ADJ
1,határozott,ADJ
1,határozatlan,ADJ
1,haszontalan,ADJ
1,hasznavehetetlen,ADJ
1,hasonlóul,ADJ
1,hasonlott,ADJ
1,hasonlatos,ADJ
1,hasas,ADJ
1,hasadt,ADJ
1,harsogó,ADJ
1,háromszoros,ADJ
1,háromszázesztendős,ADJ
1,háromrőfös,ADJ
1,háromnapi,ADJ
1,hároméves,ADJ
1,háromélű,ADJ
1,harmincados,ADJ
1,harmados,ADJ
1,harizsnyás,ADJ
1,harisnyájú,ADJ
1,harcsaszájú,ADJ
1,haragosb,ADJ
1,haragjó,ADJ
1,hánykoló,ADJ
1,hánykodás,ADJ
1,hanyatló,ADJ
1,hanti,ADJ
1,hangú,ADJ
1,hangtalan,ADJ
1,hangosb,ADJ
1,hangjó,ADJ
1,hangicsáló,ADJ
1,hamvasabb,ADJ
1,hamvahodott,ADJ
1,hamisított,ADJ
1,halványkék,ADJ
1,haloványan,ADJ
1,halottul,ADJ
1,haló,ADJ
1,halló,ADJ
1,hallhatóbb,ADJ
1,halleves,ADJ
1,halkabban,ADJ
1,haldokoló,ADJ
1,halaványas,ADJ
1,hálátlanul,ADJ
1,halászó,ADJ
1,halántéki,ADJ
1,halandói,ADJ
1,halálvető,ADJ
1,halálthozó,ADJ
1,halálhozó,ADJ
1,háládatos,ADJ
1,háladatlan,ADJ
1,hajtókás,ADJ
1,hajszálnyi,ADJ
1,hajói,ADJ
1,hajlékony,ADJ
1,hajladozó,ADJ
1,hajít,ADJ
1,hájas,ADJ
1,hagyott,ADJ
1,hagymás,ADJ
1,hágó,ADJ
1,hágcsós,ADJ
1,haemus,ADJ
1,hadvezéri,ADJ
1,hadrahívó,ADJ
1,hadra-hívó,ADJ
1,hadnagyi,ADJ
1,hádeszi,ADJ
1,habverő,ADJ
1,habú,ADJ
1,habozó,ADJ
1,habos,ADJ
1,háborult,ADJ
1,háború,ADJ
1,háborodottan,ADJ
1,háborodott,ADJ
1,háborító,ADJ
1,háborgós,ADJ
1,háborgó,ADJ
1,habarékú,ADJ
1,gyűrűi,ADJ
1,gyűrüi,ADJ
1,gyűrközi,ADJ
1,gyümölcshozó,ADJ
1,gyülőletes,ADJ
1,gyűlő,ADJ
1,gyúló,ADJ
1,gyúlanyagú,ADJ
1,gyűjtött,ADJ
1,gyujta,ADJ
1,gyötrelmi,ADJ
1,gyors-menekvő,ADJ
1,győri,ADJ
1,gyöpös,ADJ
1,gyönyörűbb,ADJ
1,gyöngyhímű,ADJ
1,gyöngyfogú,ADJ
1,gyöngeségi,ADJ
1,gyólcsinges,ADJ
1,gyökeres,ADJ
1,gyógyszertári,ADJ
1,gyógyerejű,ADJ
1,gyilkoss,ADJ
1,gyilkosi,ADJ
1,gyereki,ADJ
1,gyerekes,ADJ
1,gyérebb,ADJ
1,gyepes,ADJ
1,gyékényes,ADJ
1,gyávább,ADJ
1,gyarapít,ADJ
1,gyaraki,ADJ
1,gyapjus,ADJ
1,gyapjas,ADJ
1,gyanútlan,ADJ
1,gyanakvó,ADJ
1,gyámságos,ADJ
1,gyámoló,ADJ
1,gyalázatosabb,ADJ
1,gyakorlatiasb,ADJ
1,guthi,ADJ
1,guruló,ADJ
1,gulyabeli,ADJ
1,gubancos,ADJ
1,granatéros,ADJ
1,göthös,ADJ
1,göröngyös,ADJ
1,görnyedt,ADJ
1,görnyedező,ADJ
1,görgei,ADJ
1,görcsös,ADJ
1,gonoszul,ADJ
1,gonosztevőül,ADJ
1,gonosztévő,ADJ
1,gondviseletlenül,ADJ
1,gondtalan,ADJ
1,göndörödő,ADJ
1,gondolatlan,ADJ
1,gomolygó,ADJ
1,gombos,ADJ
1,gömbölyü,ADJ
1,gólyalábú,ADJ
1,gőgicsélő,ADJ
1,gödrös,ADJ
1,gödörkés,ADJ
1,Giléti,ADJ
1,gerjedezőbb,ADJ
1,gépszerű,ADJ
1,Gém-lábú,ADJ
1,gémberedő,ADJ
1,gellérthegyi,ADJ
1,gazos,ADJ
1,gázolt,ADJ
1,gárdrob,ADJ
1,garas,ADJ
1,garabonciás,ADJ
1,galy,ADJ
1,galléros,ADJ
1,galambősz,ADJ
1,galamb-ősz,ADJ
1,galád,ADJ
1,füzött,ADJ
1,fűző,ADJ
1,füzess,ADJ
1,füzér,ADJ
1,Fütyölő,ADJ
1,futtani,ADJ
1,fútt,ADJ
1,futósabb,ADJ
1,fűszeresebb,ADJ
1,füst-tarajú,ADJ
1,füstokádó,ADJ
1,füsti,ADJ
1,fürtű,ADJ
1,fürösztött,ADJ
1,fürösz,ADJ
1,furfangosabb,ADJ
1,furcsább,ADJ
1,fülrepesztő,ADJ
1,fületlen,ADJ
1,fülemilés,ADJ
1,fülelt,ADJ
1,fuldokló,ADJ
1,fújó,ADJ
1,fugitivus,ADJ
1,fratres,ADJ
1,fransz,ADJ
1,franciás,ADJ
1,Francia-olasz,ADJ
1,frakkos,ADJ
1,főzött,ADJ
1,fővezéri,ADJ
1,fővárosi,ADJ
1,főtt,ADJ
1,forró-hideg,ADJ
1,forróbb,ADJ
1,forróan,ADJ
1,forradalmas,ADJ
1,formai,ADJ
1,forgott,ADJ
1,forgós,ADJ
1,förgeteges,ADJ
1,forgácsi,ADJ
1,fordított,ADJ
1,fordít,ADJ
1,főrangú,ADJ
1,főpapi,ADJ
1,főnyi,ADJ
1,fontosságu,ADJ
1,fontolt,ADJ
1,fönséges,ADJ
1,fönnkelő,ADJ
1,fönn,ADJ
1,fondorlatos,ADJ
1,fonadéki,ADJ
1,folydogáló,ADJ
1,folyami,ADJ
1,fölveszi,ADJ
1,fölverendi,ADJ
1,fölve,ADJ
1,föltép,ADJ
1,fölsodort,ADJ
1,fölpirosló,ADJ
1,fölnevelt,ADJ
1,föllengő,ADJ
1,fölkeresendő,ADJ
1,fölkelő,ADJ
1,foliántjai,ADJ
1,fölfejt,ADJ
1,fölérő,ADJ
1,földszinti,ADJ
1,földsarki,ADJ
1,földr,ADJ
1,földönuszó,ADJ
1,földhözragadt,ADJ
1,földetlen,ADJ
1,földelű,ADJ
1,földb,ADJ
1,fokszerü,ADJ
1,fokhagymás,ADJ
1,fojtogató,ADJ
1,fojt,ADJ
1,főispáni,ADJ
1,fogyhatatlan,ADJ
1,fogú,ADJ
1,fogorvosi,ADJ
1,fogódzó,ADJ
1,foghúzási,ADJ
1,foghatólag,ADJ
1,fogékony,ADJ
1,fogékonyabb,ADJ
1,fogant,ADJ
1,foganó,ADJ
1,fogadtati,ADJ
1,fogadó,ADJ
1,fog,ADJ
1,födözetlenül,ADJ
1,födözetlen,ADJ
1,födött,ADJ
1,fodor,ADJ
1,födezetlen,ADJ
1,födelű,ADJ
1,födelen,ADJ
1,Födelé,ADJ
1,főbenjáró,ADJ
1,fizetetlen,ADJ
1,fizetési,ADJ
1,fizetéses,ADJ
1,fiúi,ADJ
1,fiui,ADJ
1,finnyás,ADJ
1,finis,ADJ
1,ficamult,ADJ
1,feszülő,ADJ
1,fészki,ADJ
1,fészkes,ADJ
1,feszített,ADJ
1,feszitendő,ADJ
1,fésülhetetlen,ADJ
1,festetlen,ADJ
1,festésű,ADJ
1,festéki,ADJ
1,festékes,ADJ
1,feslett,ADJ
1,ferdőzi,ADJ
1,fényű,ADJ
1,fénysugári,ADJ
1,fenyitékzett,ADJ
1,fenyegetőleg,ADJ
1,fénydús,ADJ
1,fensőbbi,ADJ
1,fenséges,ADJ
1,Fennyű,ADJ
1,fenntartó,ADJ
1,fennlebegő,ADJ
1,fennálló,ADJ
1,feni,ADJ
1,fenekű,ADJ
1,fenéktelen,ADJ
1,feneketlen,ADJ
1,felzaklatott,ADJ
1,felvetődő,ADJ
1,felügyelt,ADJ
1,felüdítendő,ADJ
1,felü,ADJ
1,feltünni,ADJ
1,feltörekvő,ADJ
1,féltőbb,ADJ
1,feltett,ADJ
1,féltékeny,ADJ
1,feltartott,ADJ
1,feltámadási,ADJ
1,felszökellő,ADJ
1,félszeg,ADJ
1,felszabadult,ADJ
1,felrótt,ADJ
1,felriasztott,ADJ
1,felpirult,ADJ
1,felpirosló,ADJ
1,feloszlott,ADJ
1,félős,ADJ
1,félórai,ADJ
1,félölnyi,ADJ
1,feloldatlan,ADJ
1,félnyilt,ADJ
1,félmázsás,ADJ
1,fellegi,ADJ
1,felkeres,ADJ
1,feljövő,ADJ
1,felj,ADJ
1,felingerlő,ADJ
1,féli,ADJ
1,felhőtlen,ADJ
1,felhőlaki,ADJ
1,felhízott,ADJ
1,felhevi,ADJ
1,felhajt,ADJ
1,felhabzó,ADJ
1,felfogad,ADJ
1,fel-felbuggyanó,ADJ
1,felfakadó,ADJ
1,feletlen,ADJ
1,felelő,ADJ
1,félelmes,ADJ
1,felejt,ADJ
1,feledhető,ADJ
1,feledhetetlen,ADJ
1,feledetlen,ADJ
1,feledendő,ADJ
1,felebb,ADJ
1,felcsattant,ADJ
1,felcsapott,ADJ
1,felbukkanó,ADJ
1,felbontatlan,ADJ
1,felavatott,ADJ
1,fél-álmos,ADJ
1,félakós,ADJ
1,fél,ADJ
1,fekélyi,ADJ
1,fejű,ADJ
1,fejszétlen,ADJ
1,Fejökb,ADJ
1,fejetlen,ADJ
1,fejéri,ADJ
1,fejérfürtös,ADJ
1,fejei,ADJ
1,Fehér-zöld,ADJ
1,fehérképű,ADJ
1,fehérelő,ADJ
1,fegyverviselő,ADJ
1,fegyvertelenül,ADJ
1,fegyveri,ADJ
1,fedő,ADJ
1,feddőleg,ADJ
1,fecsegő,ADJ
1,fecsegési,ADJ
1,fázékony,ADJ
1,favágó,ADJ
1,fátyolos,ADJ
1,fark-harapó,ADJ
1,faragványú,ADJ
1,faragatlan,ADJ
1,fáradalmi,ADJ
1,falvi,ADJ
1,falubeli,ADJ
1,falékony,ADJ
1,faldosván,ADJ
1,falánk,ADJ
1,fakóbban,ADJ
1,fajta,ADJ
1,fájos-édesen,ADJ
1,fajirtó,ADJ
1,fagyott,ADJ
1,facilis,ADJ
1,ezüstös,ADJ
1,ezüstgombos,ADJ
1,ez'ta,ADJ
1,ezres,ADJ
1,ezernyi,ADJ
1,ezerennyi,ADJ
1,exi,ADJ
1,Exempli,ADJ
1,exempla,ADJ
1,évű,ADJ
1,Évrüli,ADJ
1,évnyi,ADJ
1,évkönyvi,ADJ
1,európai,ADJ
1,ételes,ADJ
1,esztendei,ADJ
1,észtanszerűbb,ADJ
1,észt,ADJ
1,észrevétlen,ADJ
1,eszményi,ADJ
1,eszméletlen,ADJ
1,eszmehulladéki,ADJ
1,eszi,ADJ
1,eszélyes,ADJ
1,eső,ADJ
1,esküvén,ADJ
1,esküttféle,ADJ
1,esküszerű,ADJ
1,esedező,ADJ
1,esdőleg,ADJ
1,esdeklő,ADJ
1,érzeti,ADJ
1,érzelmi,ADJ
1,érzéktompító,ADJ
1,érzéketlen,ADJ
1,érthető,ADJ
1,értesi,ADJ
1,értelmű,ADJ
1,értelmetlen,ADJ
1,érseki,ADJ
1,erőtlenebb,ADJ
1,erölteti,ADJ
1,ernyős,ADJ
1,eresztéki,ADJ
1,eresz-alja,ADJ
1,eresz,ADJ
1,erényes,ADJ
1,eredendő,ADJ
1,erdőháti,ADJ
1,érdes,ADJ
1,erdélyországi,ADJ
1,érdeklő,ADJ
1,érdekesebb,ADJ
1,erányos,ADJ
1,épült,ADJ
1,eposzi,ADJ
1,Építni,ADJ
1,ephesusi,ADJ
1,epesztő,ADJ
1,enyves,ADJ
1,enyhűlt,ADJ
1,enyhületes,ADJ
1,enyhő,ADJ
1,enyhítő,ADJ
1,enyhi,ADJ
1,enyésztő,ADJ
1,enyésző,ADJ
1,enyésznyi,ADJ
1,enyelgési,ADJ
1,engesztelhető,ADJ
1,éneklő,ADJ
1,éneklendi,ADJ
1,éneki,ADJ
1,emlői,ADJ
1,említő,ADJ
1,említett,ADJ
1,emléki,ADJ
1,emlegetett,ADJ
1,emigy,ADJ
1,emésztődő,ADJ
1,emészthetetlen,ADJ
1,emészt,ADJ
1,émelygősb,ADJ
1,emelten,ADJ
1,emelte,ADJ
1,emelő,ADJ
1,emelkedő,ADJ
1,emberséges,ADJ
1,emberileg,ADJ
1,emberevő,ADJ
1,emberélten,ADJ
1,ember,ADJ
1,elzönge,ADJ
1,elzavaratlan,ADJ
1,elzárt,ADJ
1,elzaklatott,ADJ
1,elvtársi,ADJ
1,elvett,ADJ
1,elvénült,ADJ
1,elvégző,ADJ
1,elvadultan,ADJ
1,elúnván,ADJ
1,elundokító,ADJ
1,eltünő,ADJ
1,eltitkolt,ADJ
1,eltiport,ADJ
1,elteli,ADJ
1,elszokott,ADJ
1,elsütött,ADJ
1,elsüllyedt,ADJ
1,elsodró,ADJ
1,elsím,ADJ
1,elsáncolt,ADJ
1,elröppenő,ADJ
1,elrontó,ADJ
1,elriasztott,ADJ
1,elrémí,ADJ
1,elrebbent,ADJ
1,elrabolt,ADJ
1,elporló,ADJ
1,elpörgi,ADJ
1,elpattanó,ADJ
1,eloszló,ADJ
1,előránt,ADJ
1,elönt,ADJ
1,elömlő,ADJ
1,előleges,ADJ
1,előkötő,ADJ
1,előkelő,ADJ
1,elődi,ADJ
1,elnöklött,ADJ
1,elmos,ADJ
1,elmés,ADJ
1,elmaradt,ADJ
1,ellő,ADJ
1,ellenszegült,ADJ
1,ellenmondó,ADJ
1,ellenies,ADJ
1,ellenes,ADJ
1,elláthatatlan,ADJ
1,elkövetett,ADJ
1,elkomorúlt,ADJ
1,elkésett,ADJ
1,elkeseredett,ADJ
1,elképedt,ADJ
1,elképedő,ADJ
1,elkáromko,ADJ
1,eljegy,ADJ
1,elismert,ADJ
1,elhullt,ADJ
1,elhív,ADJ
1,elhintett,ADJ
1,elhintendő,ADJ
1,elhihető,ADJ
1,elhárítni,ADJ
1,elhagyatott,ADJ
1,elhagyandó,ADJ
1,elgyötört,ADJ
1,elgondolt,ADJ
1,elföldheti,ADJ
1,elfogadott,ADJ
1,el-felemelí,ADJ
1,elfelej,ADJ
1,elfeledett,ADJ
1,élet-unt,ADJ
1,életű,ADJ
1,életosztó,ADJ
1,életölő,ADJ
1,élet-eloltó,ADJ
1,éleszt,ADJ
1,eleső,ADJ
1,éles-hegyes,ADJ
1,elérhetetlen,ADJ
1,elereszt,ADJ
1,elepedő,ADJ
1,elenyész,ADJ
1,élemedett,ADJ
1,el-elfúló,ADJ
1,elejt,ADJ
1,elegyülten,ADJ
1,elegyes,ADJ
1,elégült,ADJ
1,elégséges,ADJ
1,elégett,ADJ
1,eldobott,ADJ
1,elcsapott,ADJ
1,elbucsúz,ADJ
1,elborult,ADJ
1,Elborítni,ADJ
1,elbori,ADJ
1,elbir,ADJ
1,elbeszélő,ADJ
1,elavúlt,ADJ
1,elátkozott,ADJ
1,elásott,ADJ
1,elalún,ADJ
1,elállott,ADJ
1,elaggott,ADJ
1,ékesítő,ADJ
1,ejtő,ADJ
1,ejt,ADJ
1,éjsűrítő,ADJ
1,Éj-honi,ADJ
1,éjfelen,ADJ
1,éhszomjas,ADJ
1,éhszájú,ADJ
1,éhező,ADJ
1,egypár,ADJ
1,egynémely,ADJ
1,egyneha,ADJ
1,egykedvűn,ADJ
1,egykedvű,ADJ
1,egyhasi,ADJ
1,egyféle,ADJ
1,egyenlőbb,ADJ
1,egyenkinti,ADJ
1,egyedüli,ADJ
1,egyéb,ADJ
1,egybefonottan,ADJ
1,égverdeső,ADJ
1,egű,ADJ
1,eggyéfonott,ADJ
1,édes-kedves,ADJ
1,Édes-fájós,ADJ
1,édesb,ADJ
1,édes-átkos,ADJ
1,édentáji,ADJ
1,ecsedi,ADJ
1,ecetes,ADJ
1,ébredő,ADJ
1,duzzadt,ADJ
1,dúsgazdag,ADJ
1,dus,ADJ
1,durcás,ADJ
1,Dült,ADJ
1,dülői,ADJ
1,dulás,ADJ
1,dúlakodó,ADJ
1,Düjjedt,ADJ
1,dühösebb,ADJ
1,dühösb,ADJ
1,dühönge,ADJ
1,dühödten,ADJ
1,dühödő,ADJ
1,dúdoló,ADJ
1,dübörgő,ADJ
1,dübögő,ADJ
1,dörgő,ADJ
1,dönthetetlen,ADJ
1,döntendő,ADJ
1,döngő,ADJ
1,domokos,ADJ
1,dömöcki,ADJ
1,dominis,ADJ
1,dombos,ADJ
1,dombosabb,ADJ
1,domborodó,ADJ
1,dölyfösen,ADJ
1,dologellenes,ADJ
1,dolgozó,ADJ
1,dolgos,ADJ
1,dölfös,ADJ
1,dohányú,ADJ
1,dogmás,ADJ
1,döglött,ADJ
1,döbbent,ADJ
1,dobbanó,ADJ
1,dobai,ADJ
1,diva,ADJ
1,dísztelenül,ADJ
1,díszrendi,ADJ
1,disznói,ADJ
1,díszetlen,ADJ
1,díszesen,ADJ
1,Diogenes,ADJ
1,dilettans,ADJ
1,dictió,ADJ
1,dicstelen,ADJ
1,dicsőült,ADJ
1,dicsős,ADJ
1,dicsőn,ADJ
1,dicsőbb,ADJ
1,dicséreti,ADJ
1,dícséretes,ADJ
1,dicsekvési,ADJ
1,dibdáb,ADJ
1,dézmás,ADJ
1,dévaványai,ADJ
1,derűs,ADJ
1,délszaki,ADJ
1,délies,ADJ
1,délibábos,ADJ
1,délforma,ADJ
1,délesti,ADJ
1,délen,ADJ
1,delelő,ADJ
1,délcegebb,ADJ
1,dél,ADJ
1,de'jsz,ADJ
1,Dejólógos,ADJ
1,deákul,ADJ
1,deák,ADJ
1,das,ADJ
1,darutollas,ADJ
1,daruszó,ADJ
1,darócnemű,ADJ
1,darabos,ADJ
1,danoló,ADJ
1,dán,ADJ
1,damoklesi,ADJ
1,Damokles,ADJ
1,damaszkusi,ADJ
1,dalos,ADJ
1,dallos,ADJ
1,dacoló,ADJ
1,cukrozott,ADJ
1,cúkori,ADJ
1,cudarul,ADJ
1,cudarabb,ADJ
1,csúzos,ADJ
1,Csúszó-mászó,ADJ
1,csúszó,ADJ
1,csuklyás,ADJ
1,csuhás,ADJ
1,csüggeteg,ADJ
1,csüggedő,ADJ
1,csüggedhetetlen,ADJ
1,csüggedező,ADJ
1,csufság,ADJ
1,csudálatosan,ADJ
1,Csuda-dolgai,ADJ
1,csúcsos,ADJ
1,csótáros,ADJ
1,csőszi,ADJ
1,csős,ADJ
1,csörtető,ADJ
1,csoportt,ADJ
1,csöndesebb,ADJ
1,csomós,ADJ
1,csolnakterelő,ADJ
1,csökmői,ADJ
1,csókjó,ADJ
1,csodatékony,ADJ
1,csodaszépen,ADJ
1,csodaszép,ADJ
1,csodásabb,ADJ
1,csoda,ADJ
1,csöcsös,ADJ
1,csizmás,ADJ
1,csiszolt,ADJ
1,csípős,ADJ
1,csipős,ADJ
1,csípeji,ADJ
1,csínosul,ADJ
1,csínos,ADJ
1,csíkos,ADJ
1,csikorí,ADJ
1,csíklandós,ADJ
1,csikasz,ADJ
1,csikaróan,ADJ
1,csihés,ADJ
1,csigádzó,ADJ
1,cserbenhagyott,ADJ
1,csepegő,ADJ
1,csengőbb,ADJ
1,csendesedő,ADJ
1,cseles,ADJ
1,csélcsap,ADJ
1,csehül,ADJ
1,Cseh-morva,ADJ
1,cseh-fejes,ADJ
1,csehen,ADJ
1,csecsszopó,ADJ
1,csebres,ADJ
1,csavaros,ADJ
1,csatolandó,ADJ
1,csatlós,ADJ
1,csatlakozott,ADJ
1,csatás,ADJ
1,csatamondó,ADJ
1,császárjó,ADJ
1,csarnokos,ADJ
1,csárdai,ADJ
1,csárdabeli,ADJ
1,csapinós,ADJ
1,csapatvezérlő,ADJ
1,csapásul,ADJ
1,csacska,ADJ
1,Conrespondens,ADJ
1,confiscált,ADJ
1,coloni,ADJ
1,classis,ADJ
1,classicus,ADJ
1,cipész-inas,ADJ
1,cinkosi,ADJ
1,cincogó,ADJ
1,címzett,ADJ
1,címerleveles,ADJ
1,címeres,ADJ
1,Cimbora-csődítő,ADJ
1,cikornyás,ADJ
1,cigányfölött,ADJ
1,cifrábban,ADJ
1,cethalas,ADJ
1,cepeli,ADJ
1,cenki,ADJ
1,célú,ADJ
1,célszerű,ADJ
1,celnai,ADJ
1,céljó,ADJ
1,céhes,ADJ
1,Cajetáni,ADJ
1,cáfolhatatlanul,ADJ
1,cafatos,ADJ
1,buzgott,ADJ
1,bűvtele,ADJ
1,Bűvös-bájos,ADJ
1,bűverejű,ADJ
1,bütkös,ADJ
1,büszkébben,ADJ
1,büszhödöző,ADJ
1,búszerző,ADJ
1,búsongó,ADJ
1,búsoljó,ADJ
1,Bús-komoran,ADJ
1,bús-komoly,ADJ
1,búsító,ADJ
1,bús-haragos,ADJ
1,busásan,ADJ
1,burkolt,ADJ
1,büntető,ADJ
1,bűntetés,ADJ
1,bűntelen,ADJ
1,bűnlakoló,ADJ
1,bundi,ADJ
1,bukó,ADJ
1,bükkös,ADJ
1,bukfencező,ADJ
1,bújó,ADJ
1,bujdoss,ADJ
1,bujdosott,ADJ
1,bújdosás,ADJ
1,Bujdokló,ADJ
1,bugyogó,ADJ
1,bugyi,ADJ
1,buga,ADJ
1,budapesti,ADJ
1,búcsúztató,ADJ
1,búcsuvevő,ADJ
1,bucsú,ADJ
1,búbos,ADJ
1,brekegő,ADJ
1,brandenburgi,ADJ
1,bővi,ADJ
1,bottalan,ADJ
1,botozott,ADJ
1,botozó,ADJ
1,botosan,ADJ
1,botor,ADJ
1,bothi,ADJ
1,boszusága,ADJ
1,Boszús,ADJ
1,bőszült,ADJ
1,boszuálló,ADJ
1,boszorkányi,ADJ
1,boszan,ADJ
1,bosszu-mámorbul,ADJ
1,borzos,ADJ
1,borzalmas,ADJ
1,borzadó,ADJ
1,borús,ADJ
1,borultan,ADJ
1,boruló,ADJ
1,borsos,ADJ
1,borostyánai,ADJ
1,borongós,ADJ
1,bor-lihegő,ADJ
1,Borjuszájas,ADJ
1,borító,ADJ
1,borít,ADJ
1,boris,ADJ
1,bonyolult,ADJ
1,bönge,ADJ
1,boltozatú,ADJ
1,bólintó,ADJ
1,boldogtalanb,ADJ
1,boldog-édes,ADJ
1,boldog-boldogtalan,ADJ
1,boldogabban,ADJ
1,boldogabb,ADJ
1,Bölcsődt,ADJ
1,bölcselmi,ADJ
1,bokrétás,ADJ
1,bőkezű,ADJ
1,böjtös,ADJ
1,böjti,ADJ
1,bőjtei,ADJ
1,bogyós,ADJ
1,bográcsravaló,ADJ
1,bőgős,ADJ
1,bogárhátú,ADJ
1,bogaras,ADJ
1,böfögő,ADJ
1,böffenési,ADJ
1,bodor,ADJ
1,bódító,ADJ
1,böcstelen,ADJ
1,böcsös,ADJ
1,bocskai,ADJ
1,bocsátni,ADJ
1,bocsát,ADJ
1,bocsás,ADJ
1,biztosabban,ADJ
1,biztosabb,ADJ
1,bizonyít,ADJ
1,bizony,ADJ
1,bitangul,ADJ
1,bitang,ADJ
1,birói,ADJ
1,birkozó,ADJ
1,birkai,ADJ
1,bir,ADJ
1,bíborodi,ADJ
1,bezúzott,ADJ
1,bézárt,ADJ
1,bezárt,ADJ
1,bevonúlt,ADJ
1,bevet,ADJ
1,be-vérző,ADJ
1,bevert,ADJ
1,beültetett,ADJ
1,betyáros,ADJ
1,betörő,ADJ
1,betevő,ADJ
1,betelendő,ADJ
1,betele,ADJ
1,betegítő,ADJ
1,betanúlt,ADJ
1,beste,ADJ
1,besenyő,ADJ
1,berzsenyi,ADJ
1,berovátkolt,ADJ
1,bérmentetlenül,ADJ
1,bérmentes,ADJ
1,berki,ADJ
1,béri,ADJ
1,bénult,ADJ
1,bendés,ADJ
1,Ben-ali,ADJ
1,bélű,ADJ
1,belőlr,ADJ
1,belli,ADJ
1,béllés,ADJ
1,béles,ADJ
1,belebb,ADJ
1,beláthatatlan,ADJ
1,beküldött,ADJ
1,bekukkant,ADJ
1,bekötözött,ADJ
1,békón,ADJ
1,békó,ADJ
1,béketűrő,ADJ
1,Béketürő,ADJ
1,béketürő,ADJ
1,békétlenül,ADJ
1,békeszó,ADJ
1,bekerítni,ADJ
1,bejövő,ADJ
1,bejőni,ADJ
1,bejelent,ADJ
1,beírt,ADJ
1,behunyt,ADJ
1,behív,ADJ
1,behantozatlan,ADJ
1,behamvadt,ADJ
1,behajtott,ADJ
1,begyes,ADJ
1,begörgi,ADJ
1,befoglaló,ADJ
1,béfo,ADJ
1,beférkezi,ADJ
1,béfagyott,ADJ
1,bedagadt,ADJ
1,Becsűletes,ADJ
1,becsűletért,ADJ
1,becsű,ADJ
1,becsődült,ADJ
1,beborúlt,ADJ
1,bebocsát,ADJ
1,beállott,ADJ
1,bead,ADJ
1,báthori,ADJ
1,bartos,ADJ
1,bársonyb,ADJ
1,barom-őrző,ADJ
1,báró,ADJ
1,barna-fekete,ADJ
1,bárgyú,ADJ
1,barátságtalan,ADJ
1,barátságosb,ADJ
1,baranyai,ADJ
1,bántatlan,ADJ
1,bankób,ADJ
1,bánatosan,ADJ
1,bán,ADJ
1,balzsamteli,ADJ
1,ballagó,ADJ
1,balkörmű,ADJ
1,baljóslatú,ADJ
1,baljó,ADJ
1,baktató,ADJ
1,badarabb,ADJ
1,bäckt,ADJ
1,babonás,ADJ
1,babérjó,ADJ
1,ázsiai,ADJ
1,avíticitas,ADJ
1,avatott,ADJ
1,aus,ADJ
1,atyátlan,ADJ
1,átvitt,ADJ
1,átvilágló,ADJ
1,átve,ADJ
1,áttört,ADJ
1,átszellemült,ADJ
1,átrusszan,ADJ
1,átrezgi,ADJ
1,atomi,ADJ
1,átlátszón,ADJ
1,átlátszó,ADJ
1,átkozottul,ADJ
1,átkozó,ADJ
1,átjárt,ADJ
1,átható,ADJ
1,átcsurgó,ADJ
1,aszú,ADJ
1,aszott,ADJ
1,ászkoli,ADJ
1,asszuboros,ADJ
1,asszonyhős,ADJ
1,Asszony-elcsábító,ADJ
1,Asmódi,ADJ
1,árulói,ADJ
1,ártó,ADJ
1,ártalmas,ADJ
1,árpádi,ADJ
1,árnyékos,ADJ
1,árnyéki,ADJ
1,árnyazottan,ADJ
1,árnyasabb,ADJ
1,árkai,ADJ
1,arga,ADJ
1,arca-pirultan,ADJ
1,araszos,ADJ
1,aranysujtásos,ADJ
1,aranyhímes,ADJ
1,aranyhajú,ADJ
1,Arany-ezüst,ADJ
1,aranyajkú,ADJ
1,arány,ADJ
1,aprócseprő,ADJ
1,após,ADJ
1,Apos,ADJ
1,ápolóan,ADJ
1,apátlan,ADJ
1,apáca-szűz,ADJ
1,anyaszülte,ADJ
1,anyám-asszonyos,ADJ
1,anyagtalan,ADJ
1,anya-farkas,ADJ
1,angyal-szép,ADJ
1,angyali,ADJ
1,ángol,ADJ
1,andris,ADJ
1,ámuló,ADJ
1,amolly,ADJ
1,amintás,ADJ
1,aminő,ADJ
1,aminemű,ADJ
1,amazoni,ADJ
1,aluttvér,ADJ
1,alulfordult,ADJ
1,általü,ADJ
1,Alólr,ADJ
1,Almás-szürke,ADJ
1,állongó,ADJ
1,állitani,ADJ
1,álli,ADJ
1,állagi,ADJ
1,alkotmányos,ADJ
1,álkörmös,ADJ
1,Alkáji,ADJ
1,alju,ADJ
1,alíg,ADJ
1,alí,ADJ
1,aléltabb,ADJ
1,Alektó,ADJ
1,áldozati,ADJ
1,aldighieri,ADJ
1,Aláterült,ADJ
1,álarcozott,ADJ
1,alanti,ADJ
1,alakú,ADJ
1,alaktalan,ADJ
1,aláhódolt,ADJ
1,alábbvaló,ADJ
1,akviléjai,ADJ
1,akaró,ADJ
1,ajtófelen,ADJ
1,ajtób,ADJ
1,ajándéki,ADJ
1,ágyú,ADJ
1,agyagos,ADJ
1,ágrokoni,ADJ
1,aggódtatóan,ADJ
1,aggálycsilapítni,ADJ
1,ágbogas,ADJ
1,agarászó,ADJ
1,aetheri,ADJ
1,Aeneás,ADJ
1,aegri,ADJ
1,adózott,ADJ
1,adományleveli,ADJ
1,adógyűlölő,ADJ
1,,ADJ
1,achilles,ADJ
1,acéltiszta,ADJ
1,acélos,ADJ
1,acéljó,ADJ
1,abroncsos,ADJ
1,ablak-nélkűli,ADJ
1,abárló,ADJ
1,9,ADJ
1,50,ADJ
1,20,ADJ
1,18,ADJ
1,1878,ADJ
1,1869,ADJ
1,1865,ADJ
1,1854,ADJ
1,1850-es,ADJ
1,1849,ADJ
1,1739,ADJ
1,12,ADJ
