215,nagy,ADJ
198,szép,ADJ
119,jó,ADJ
100,kis,ADJ
68,bús,ADJ
67,erős,ADJ
58,tiszta,ADJ
58,lágy,ADJ
54,friss,ADJ
48,meleg,ADJ
47,új,ADJ
44,lassú,ADJ
43,nehéz,ADJ
41,sötét,ADJ
41,örök,ADJ
38,szegény,ADJ
37,fáradt,ADJ
36,fehér,ADJ
33,boldog,ADJ
32,rossz,ADJ
32,néma,ADJ
31,kedves,ADJ
31,édes,ADJ
30,mély,ADJ
30,büszke,ADJ
29,kicsi,ADJ
29,forró,ADJ
28,vén,ADJ
28,üres,ADJ
28,piros,ADJ
28,magyar,ADJ
27,kemény,ADJ
26,puha,ADJ
26,komoly,ADJ
26,hideg,ADJ
25,víg,ADJ
25,kék,ADJ
25,fekete,ADJ
25,dús,ADJ
24,vad,ADJ
24,sárga,ADJ
24,könnyű,ADJ
24,halk,ADJ
24,gyönge,ADJ
24,egész,ADJ
24,csendes,ADJ
23,zöld,ADJ
23,szomorú,ADJ
22,szabad,ADJ
22,hűvös,ADJ
22,éhes,ADJ
21,vak,ADJ
21,öreg,ADJ
21,nyugodt,ADJ
21,komor,ADJ
21,barna,ADJ
20,szelíd,ADJ
20,hosszú,ADJ
20,gyenge,ADJ
20,égi,ADJ
20,apró,ADJ
19,messzi,ADJ
19,karcsú,ADJ
19,hűs,ADJ
18,őszi,ADJ
17,szőke,ADJ
17,roppant,ADJ
17,drága,ADJ
16,végtelen,ADJ
16,száraz,ADJ
16,okos,ADJ
16,kövér,ADJ
16,csöndes,ADJ
16,bátor,ADJ
15,régi,ADJ
15,igaz,ADJ
15,egyszerű,ADJ
14,valami,ADJ
14,téli,ADJ
14,szürke,ADJ
14,ostoba,ADJ
14,hallgatag,ADJ
14,gyors,ADJ
13,való,ADJ
13,részeg,ADJ
13,idegen,ADJ
13,hulló,ADJ
13,fiatal,ADJ
13,emberi,ADJ
13,bő,ADJ
12,vörös,ADJ
12,szörnyű,ADJ
12,sovány,ADJ
12,meztelen,ADJ
12,ismeretlen,ADJ
12,ifjú,ADJ
12,holt,ADJ
12,bolond,ADJ
12,bölcs,ADJ
12,árva,ADJ
11,zengő,ADJ
11,könnyes,ADJ
11,kerek,ADJ
11,hajnali,ADJ
11,fényes,ADJ
11,beteg,ADJ
11,ártatlan,ADJ
10,tömött,ADJ
10,szerelmes,ADJ
10,szent,ADJ
10,rongyos,ADJ
10,ősz,ADJ
10,ősi,ADJ
10,külön,ADJ
10,keserű,ADJ
10,kegyetlen,ADJ
10,jeges,ADJ
10,hű,ADJ
10,harmatos,ADJ
10,gyönyörű,ADJ
10,gyáva,ADJ
10,dolgos,ADJ
10,áldott,ADJ
9,vidám,ADJ
9,véres,ADJ
9,nyirkos,ADJ
9,nyári,ADJ
9,magányos,ADJ
9,hitvány,ADJ
9,élő,ADJ
9,éles,ADJ
9,égő,ADJ
8,utolsó,ADJ
8,tompa,ADJ
8,teli,ADJ
8,szerető,ADJ
8,sápadt,ADJ
8,pici,ADJ
8,örökös,ADJ
8,merev,ADJ
8,méltó,ADJ
8,langy,ADJ
8,izzadt,ADJ
8,gonosz,ADJ
8,gazdag,ADJ
8,eleven,ADJ
8,egyetlen,ADJ
8,csúf,ADJ
7,zsíros,ADJ
7,vizes,ADJ
7,villogó,ADJ
7,tüzes,ADJ
7,törékeny,ADJ
7,szigorú,ADJ
7,széles,ADJ
7,puszta,ADJ
7,odvas,ADJ
7,nyugtalan,ADJ
7,magos,ADJ
7,kettős,ADJ
7,halott,ADJ
7,folyó,ADJ
7,első,ADJ
7,elég,ADJ
7,dühödt,ADJ
7,átlátszó,ADJ
7,aranyos,ADJ
6,zümmögő,ADJ
6,virágos,ADJ
6,vastag,ADJ
6,teljes,ADJ
6,szűz,ADJ
6,szomjas,ADJ
6,súlyos,ADJ
6,reggeli,ADJ
6,ragyogó,ADJ
6,poros,ADJ
6,paraszti,ADJ
6,óvatos,ADJ
6,őrült,ADJ
6,óriási,ADJ
6,magas,ADJ
6,kész,ADJ
6,kapzsi,ADJ
6,holdas,ADJ
6,havas,ADJ
6,habos,ADJ
6,görbe,ADJ
6,furcsa,ADJ
6,félénk,ADJ
6,fájó,ADJ
6,ép,ADJ
6,elhagyott,ADJ
6,csontos,ADJ
6,csókos,ADJ
6,buta,ADJ
6,biztos,ADJ
5,vonagló,ADJ
5,váratlan,ADJ
5,úri,ADJ
5,többi,ADJ
5,tehetetlen,ADJ
5,tavaszi,ADJ
5,szótlan,ADJ
5,szennyes,ADJ
5,szagos,ADJ
5,rideg,ADJ
5,reszkető,ADJ
5,piszkos,ADJ
5,öntudatos,ADJ
5,ölelő,ADJ
5,nyitott,ADJ
5,mohó,ADJ
5,mennyei,ADJ
5,lompos,ADJ
5,lomha,ADJ
5,lelkes,ADJ
5,kormos,ADJ
5,kopott,ADJ
5,illatos,ADJ
5,ijedt,ADJ
5,igazi,ADJ
5,hetedik,ADJ
5,hegyes,ADJ
5,hasonló,ADJ
5,gondos,ADJ
5,finom,ADJ
5,fagyos,ADJ
5,egyforma,ADJ
5,durva,ADJ
5,derűs,ADJ
5,csámpás,ADJ
5,bűnös,ADJ
5,békés,ADJ
4,zsenge,ADJ
4,zörgő,ADJ
4,zord,ADJ
4,vékony,ADJ
4,tömör,ADJ
4,tétova,ADJ
4,tejes,ADJ
4,szűk,ADJ
4,szorongó,ADJ
4,színes,ADJ
4,szerény,ADJ
4,ritka,ADJ
4,rezgő,ADJ
4,rekedt,ADJ
4,ravasz,ADJ
4,polgári,ADJ
4,pogány,ADJ
4,pirosló,ADJ
4,ordas,ADJ
4,óh,ADJ
4,ócska,ADJ
4,öblös,ADJ
4,nyomorult,ADJ
4,nemes,ADJ
4,nedves,ADJ
4,mámoros,ADJ
4,lucskos,ADJ
4,lombos,ADJ
4,langyos,ADJ
4,lángos,ADJ
4,kicsiny,ADJ
4,kerengő,ADJ
4,képzelt,ADJ
4,jószagú,ADJ
4,jobb,ADJ
4,jajgató,ADJ
4,ideges,ADJ
4,hülye,ADJ
4,heverő,ADJ
4,hatalmas,ADJ
4,hangtalan,ADJ
4,hangos,ADJ
4,hamis,ADJ
4,halvány,ADJ
4,halálos,ADJ
4,habzó,ADJ
4,fürge,ADJ
4,földi,ADJ
4,fagyott,ADJ
4,esti,ADJ
4,értelmes,ADJ
4,elfeledett,ADJ
4,ékes,ADJ
4,dübörgő,ADJ
4,daloló,ADJ
4,búsan,ADJ
4,bus,ADJ
4,bosszús,ADJ
4,bizonyos,ADJ
4,áttetsző,ADJ
4,álló,ADJ
3,zúgó,ADJ
3,zsiros,ADJ
3,zárt,ADJ
3,világtalan,ADJ
3,vert,ADJ
3,várt,ADJ
3,undok,ADJ
3,tört,ADJ
3,tömíttetett,ADJ
3,tömény,ADJ
3,telten,ADJ
3,tágas,ADJ
3,szűzi,ADJ
3,szilaj,ADJ
3,szerencsétlen,ADJ
3,szerelmi,ADJ
3,szédítő,ADJ
3,sűrű,ADJ
3,síró,ADJ
3,serény,ADJ
3,senkis,ADJ
3,sáros,ADJ
3,sánta,ADJ
3,rozsdás,ADJ
3,rózsás,ADJ
3,rongy,ADJ
3,rokkant,ADJ
3,részeg-boldogan,ADJ
3,rengő,ADJ
3,remek,ADJ
3,ráncos,ADJ
3,rakott,ADJ
3,parti,ADJ
3,pajkos,ADJ
3,országos,ADJ
3,óriás,ADJ
3,olcsó,ADJ
3,nyurga,ADJ
3,nyugalmas,ADJ
3,nyíló,ADJ
3,nyikorgó,ADJ
3,nyers,ADJ
3,nagy-nagy,ADJ
3,mozdulatlan,ADJ
3,mérhetetlen,ADJ
3,méla,ADJ
3,meddő,ADJ
3,makacs,ADJ
3,mai,ADJ
3,magosabb,ADJ
3,lukas,ADJ
3,loholó,ADJ
3,lengő,ADJ
3,lehetetlen,ADJ
3,lángoló,ADJ
3,különös,ADJ
3,kopasz,ADJ
3,kopár,ADJ
3,könnyed,ADJ
3,kincses,ADJ
3,keskeny,ADJ
3,keserves,ADJ
3,kerti,ADJ
3,kényes,ADJ
3,kelő,ADJ
3,kásás,ADJ
3,kába,ADJ
3,jövő,ADJ
3,jövendő,ADJ
3,jelen,ADJ
3,jámbor,ADJ
3,izzó,ADJ
3,ízes,ADJ
3,istenes,ADJ
3,irigy,ADJ
3,hömpölygő,ADJ
3,híres,ADJ
3,hímes,ADJ
3,haragvó,ADJ
3,hamvas,ADJ
3,halotti,ADJ
3,halkabban,ADJ
3,hajadon,ADJ
3,gyujtván,ADJ
3,gyémántos,ADJ
3,gépváros,ADJ
3,gazdátlan,ADJ
3,füstölgő,ADJ
3,fura,ADJ
3,fonott,ADJ
3,fogyó,ADJ
3,fajta,ADJ
3,épülő,ADJ
3,épitő,ADJ
3,enyhe,ADJ
3,elvesztett,ADJ
3,elhagyatott,ADJ
3,elektromos,ADJ
3,éjjeli,ADJ
3,együgyű,ADJ
3,duzzadt,ADJ
3,dörmögő,ADJ
3,dolgozó,ADJ
3,dicső,ADJ
3,darabos,ADJ
3,dagadt,ADJ
3,csupasz,ADJ
3,csúnya,ADJ
3,csengő,ADJ
3,csattogó,ADJ
3,cifra,ADJ
3,borús,ADJ
3,bánatos,ADJ
3,antik,ADJ
3,alvó,ADJ
3,ájult,ADJ
2,zordon,ADJ
2,zömök,ADJ
2,zizegő,ADJ
2,zajtalan,ADJ
2,zajló,ADJ
2,völgyi,ADJ
2,világos,ADJ
2,világi,ADJ
2,viharos,ADJ
2,vidéki,ADJ
2,vídám,ADJ
2,vetetten,ADJ
2,vetett,ADJ
2,vértelen,ADJ
2,vérsötét,ADJ
2,végző,ADJ
2,véges,ADJ
2,Vas-színű,ADJ
2,vándor,ADJ
2,uszító,ADJ
2,uri,ADJ
2,üreges,ADJ
2,üldözött,ADJ
2,ügyes,ADJ
2,tünde,ADJ
2,tövis,ADJ
2,titokzatos,ADJ
2,titkos,ADJ
2,tisztességes,ADJ
2,termékeny,ADJ
2,teremtő,ADJ
2,tavi,ADJ
2,tátott,ADJ
2,tárt,ADJ
2,tarka,ADJ
2,tanyai,ADJ
2,tanú,ADJ
2,táncos,ADJ
2,tajtékos,ADJ
2,táguló,ADJ
2,tág,ADJ
2,szűzen,ADJ
2,szűkös,ADJ
2,szövő,ADJ
2,szomszéd,ADJ
2,szoknyás,ADJ
2,szögletes,ADJ
2,szívű,ADJ
2,szikrázó,ADJ
2,sziklás,ADJ
2,szenvedő,ADJ
2,szarvai,ADJ
2,szántóvető,ADJ
2,számító,ADJ
2,súroló,ADJ
2,sulyos,ADJ
2,sült,ADJ
2,sudár,ADJ
2,sivatag,ADJ
2,sivár,ADJ
2,siető,ADJ
2,sebes,ADJ
2,rügyező,ADJ
2,rőt,ADJ
2,roskadozó,ADJ
2,roskadó,ADJ
2,ropogós,ADJ
2,román,ADJ
2,rohadt,ADJ
2,ritkás,ADJ
2,ringó,ADJ
2,riasztó,ADJ
2,riadt,ADJ
2,rettentő,ADJ
2,remegő,ADJ
2,pöttyös,ADJ
2,pörös,ADJ
2,pirosszemű,ADJ
2,pártalanul,ADJ
2,párnás,ADJ
2,pállott,ADJ
2,őszinte,ADJ
2,ostobább,ADJ
2,öntudatlan,ADJ
2,omló,ADJ
2,ölnyi,ADJ
2,ódon,ADJ
2,nyálkás,ADJ
2,nevess,ADJ
2,némább,ADJ
2,napszámos,ADJ
2,nagyszerű,ADJ
2,múló,ADJ
2,mozgóbb,ADJ
2,mosolygó,ADJ
2,mérges,ADJ
2,megváltó,ADJ
2,megfontolt,ADJ
2,magános,ADJ
2,lógó,ADJ
2,leveles,ADJ
2,levegőtlen,ADJ
2,lázas,ADJ
2,látható,ADJ
2,külső,ADJ
2,különb,ADJ
2,közös,ADJ
2,kovácsolt,ADJ
2,kötött,ADJ
2,korai,ADJ
2,kora,ADJ
2,könyörtelen,ADJ
2,konokul,ADJ
2,kóbor,ADJ
2,kivont,ADJ
2,kíváncsi,ADJ
2,kitárt,ADJ
2,kínos,ADJ
2,kifejtett,ADJ
2,kiálló,ADJ
2,kezes,ADJ
2,kezdő,ADJ
2,kérges,ADJ
2,keresztény,ADJ
2,keress,ADJ
2,keleti,ADJ
2,kékes,ADJ
2,kékebb,ADJ
2,kegyetlen-nehéz,ADJ
2,kedvetlen,ADJ
2,kedvelt,ADJ
2,karcsúbb,ADJ
2,kapott,ADJ
2,jómódú,ADJ
2,jólcsinált,ADJ
2,jóhúsú,ADJ
2,iszapos,ADJ
2,isteni,ADJ
2,irtózatos,ADJ
2,imás,ADJ
2,illatozó,ADJ
2,ifjui,ADJ
2,ifjan,ADJ
2,huzamos,ADJ
2,hűsen,ADJ
2,hűséges,ADJ
2,hunyorgó,ADJ
2,huncut,ADJ
2,hullámzó,ADJ
2,hozó,ADJ
2,homályló,ADJ
2,hívő,ADJ
2,hív,ADJ
2,hiú,ADJ
2,hirtelen,ADJ
2,híg,ADJ
2,határtalan,ADJ
2,hasztalan,ADJ
2,haragos,ADJ
2,hanyag,ADJ
2,halovány,ADJ
2,hálás,ADJ
2,halandó,ADJ
2,hajló,ADJ
2,hajléktalan,ADJ
2,hajdani,ADJ
2,háborús,ADJ
2,gyökérző,ADJ
2,gyilkos,ADJ
2,gyermeki,ADJ
2,gyér,ADJ
2,gyámoltalan,ADJ
2,guggoló,ADJ
2,gőzös,ADJ
2,goromba,ADJ
2,gondtalan,ADJ
2,göndör,ADJ
2,girhes,ADJ
2,füzes,ADJ
2,fülledt,ADJ
2,főtt,ADJ
2,fösvény,ADJ
2,forgó,ADJ
2,fordított,ADJ
2,fontos,ADJ
2,fondor,ADJ
2,földörögő,ADJ
2,fogatlan,ADJ
2,fodor,ADJ
2,fehérebb,ADJ
2,falánk,ADJ
2,fakó,ADJ
2,fájdalmas,ADJ
2,ezüstös,ADJ
2,északi,ADJ
2,estéli,ADJ
2,esetten,ADJ
2,érző,ADJ
2,értetlen,ADJ
2,értelmetlen,ADJ
2,erkölcsi,ADJ
2,érett,ADJ
2,érdemes,ADJ
2,éneklő,ADJ
2,emelt,ADJ
2,ember,ADJ
2,elrugott,ADJ
2,előtti,ADJ
2,ellágyuló,ADJ
2,elfeketült,ADJ
2,elegendő,ADJ
2,eladott,ADJ
2,egykedvű,ADJ
2,egészséges,ADJ
2,éber,ADJ
2,dühödten,ADJ
2,duhaj,ADJ
2,domború,ADJ
2,déli,ADJ
2,dacos,ADJ
2,cukros,ADJ
2,csúszkáló,ADJ
2,csúfolt,ADJ
2,csörömpölő,ADJ
2,csóktalanul,ADJ
2,csökönyös,ADJ
2,csodálatos,ADJ
2,csobogó,ADJ
2,csimbókos,ADJ
2,csillogó,ADJ
2,csillagos,ADJ
2,csevegő,ADJ
2,csalárd,ADJ
2,csahos,ADJ
2,buzgó,ADJ
2,bujjó,ADJ
2,bujdosó,ADJ
2,búcsuzó,ADJ
2,borzalmas,ADJ
2,borostás,ADJ
2,bolyhos,ADJ
2,bölcsebb,ADJ
2,bőízű,ADJ
2,bodor,ADJ
2,bimbózó,ADJ
2,beojtott,ADJ
2,béna,ADJ
2,behunyt,ADJ
2,becsületes,ADJ
2,bárgyú,ADJ
2,ballagó,ADJ
2,balga,ADJ
2,bágyadt,ADJ
2,ázsiai,ADJ
2,avas,ADJ
2,arcú,ADJ
2,arató,ADJ
2,áramló,ADJ
2,álnok,ADJ
2,álmos,ADJ
2,álmodó,ADJ
2,álmatlan,ADJ
2,áldó,ADJ
2,aláomló,ADJ
2,ájtatos,ADJ
2,adó,ADJ
2,acélhomlokú,ADJ
2,1928,ADJ
2,1923,ADJ
1,zúzmarás,ADJ
1,zuhogó,ADJ
1,zuhanó,ADJ
1,zsömle-zizegésű,ADJ
1,zörrenő,ADJ
1,zöld-kék,ADJ
1,zöldes,ADJ
1,zirrenő,ADJ
1,zengetően,ADJ
1,zenélő,ADJ
1,zavart,ADJ
1,zavaros,ADJ
1,Zászlós-piros,ADJ
1,zászlós,ADJ
1,zajos,ADJ
1,vöröslő,ADJ
1,vonuló,ADJ
1,vontató,ADJ
1,vont,ADJ
1,vonító,ADJ
1,volt-göthös,ADJ
1,vízszintes,ADJ
1,vizi,ADJ
1,vizcsepptiszta,ADJ
1,vitt,ADJ
1,vitorlázó,ADJ
1,vitéz,ADJ
1,vitás,ADJ
1,visszhangzó,ADJ
1,visszahulló,ADJ
1,visszacsapó,ADJ
1,viseltes,ADJ
1,viruló,ADJ
1,vinnyogó,ADJ
1,villanó,ADJ
1,villamosan,ADJ
1,villamos,ADJ
1,Világot-teremtő,ADJ
1,világbelengő,ADJ
1,vijjogó,ADJ
1,vígasztalanul,ADJ
1,vidultan,ADJ
1,vidor,ADJ
1,viaszkos,ADJ
1,vető,ADJ
1,vetetlen,ADJ
1,vesztes,ADJ
1,veszett,ADJ
1,vérvörös,ADJ
1,vértelenebb,ADJ
1,vérszínű,ADJ
1,vérszinű,ADJ
1,vérszín,ADJ
1,vérlódító,ADJ
1,véres-rőt,ADJ
1,véresen,ADJ
1,véresebben,ADJ
1,vércseppes,ADJ
1,vérbő,ADJ
1,vénülő,ADJ
1,vénebb,ADJ
1,vélt,ADJ
1,véletlen,ADJ
1,végzett,ADJ
1,vegytisztító,ADJ
1,véghetetlenül,ADJ
1,véghetetlen,ADJ
1,vázazó,ADJ
1,vaslábas,ADJ
1,vaskos,ADJ
1,vashabú,ADJ
1,vasgerincű,ADJ
1,vasfogú,ADJ
1,vasalt,ADJ
1,vas,ADJ
1,városdaloló,ADJ
1,változó,ADJ
1,változhatatlan,ADJ
1,valódi,ADJ
1,választott,ADJ
1,választató,ADJ
1,vaksüket,ADJ
1,vaksi,ADJ
1,vakmerőbb,ADJ
1,vakmerő,ADJ
1,vakító,ADJ
1,vágyú,ADJ
1,vagyonos,ADJ
1,vágyó,ADJ
1,vágatlan,ADJ
1,vadon,ADJ
1,vad-lombos,ADJ
1,vacak,ADJ
1,üvöltő,ADJ
1,üveges,ADJ
1,útfelen,ADJ
1,utas,ADJ
1,üszökszagú,ADJ
1,üszkösen,ADJ
1,Üstökös-dobó,ADJ
1,űri,ADJ
1,urasági,ADJ
1,untan,ADJ
1,unt,ADJ
1,unokái,ADJ
1,ünneplő,ADJ
1,ükös,ADJ
1,ujjú,ADJ
1,ujjnyi,ADJ
1,Új-izmú,ADJ
1,ügyetlen,ADJ
1,ügyekezi,ADJ
1,ugró,ADJ
1,üdvű,ADJ
1,udvarias,ADJ
1,tűrő,ADJ
1,tűnt,ADJ
1,tűnődő,ADJ
1,tünő,ADJ
1,tündöklő,ADJ
1,tündéri,ADJ
1,túlsó,ADJ
1,túlnyügös,ADJ
1,tulmagas,ADJ
1,tűlevelű,ADJ
1,tudatos,ADJ
1,tréfás,ADJ
1,trágyás,ADJ
1,tövigkalászos,ADJ
1,tövi,ADJ
1,tószunnyadó,ADJ
1,törten,ADJ
1,törötten,ADJ
1,törött,ADJ
1,török,ADJ
1,tornyozó,ADJ
1,tornyos,ADJ
1,töredezett,ADJ
1,tór,ADJ
1,tömzsi,ADJ
1,tömpe,ADJ
1,tömített,ADJ
1,tömeggyilkos,ADJ
1,töltött,ADJ
1,többsejtű,ADJ
1,tizenhétéves,ADJ
1,titkolódzó,ADJ
1,tisztes,ADJ
1,tisztátalanul,ADJ
1,tilalmas,ADJ
1,tikkadtan,ADJ
1,ti,ADJ
1,tetves,ADJ
1,testvéri,ADJ
1,testes,ADJ
1,terülő,ADJ
1,termőföld-ruhátlan,ADJ
1,természetes,ADJ
1,termelő,ADJ
1,termelési,ADJ
1,teríthető,ADJ
1,teritett,ADJ
1,terhes,ADJ
1,terelő,ADJ
1,terebélyes,ADJ
1,térdigfüves,ADJ
1,térdigérő,ADJ
1,térdeplő,ADJ
1,tépett,ADJ
1,tengeri,ADJ
1,temető,ADJ
1,teltkeblű,ADJ
1,telhetetlenül,ADJ
1,telhetetlen,ADJ
1,télesti,ADJ
1,tejszagú,ADJ
1,tejfehér,ADJ
1,tegnapi,ADJ
1,téglavörös,ADJ
1,távozó,ADJ
1,távoli,ADJ
1,távcsöves,ADJ
1,tavalyi,ADJ
1,társuló,ADJ
1,tárnás,ADJ
1,tarajos,ADJ
1,tapogatódzó,ADJ
1,tapodott,ADJ
1,tapadós,ADJ
1,tapadó,ADJ
1,tanulságos,ADJ
1,tántorodó,ADJ
1,tántorgó,ADJ
1,tani,ADJ
1,Táncos-hajlós,ADJ
1,táltoss,ADJ
1,táltos,ADJ
1,talmi,ADJ
1,talált,ADJ
1,taknyos,ADJ
1,takaros,ADJ
1,takarékos,ADJ
1,Tajtos,ADJ
1,szűztiszta,ADJ
1,szúvas,ADJ
1,szuszogó,ADJ
1,szúrt,ADJ
1,szúrós,ADJ
1,szúró,ADJ
1,szurkos,ADJ
1,szüntelen,ADJ
1,szunnyadó,ADJ
1,szülte,ADJ
1,szükséges,ADJ
1,szövendő,ADJ
1,szőtt,ADJ
1,szótlanabb,ADJ
1,szótalan,ADJ
1,szoruló,ADJ
1,szoros,ADJ
1,szorgos,ADJ
1,szorgalmas,ADJ
1,szórakozott,ADJ
1,szoptatós,ADJ
1,szopós,ADJ
1,szomorún,ADJ
1,Szomoru,ADJ
1,szomjazó,ADJ
1,szóló,ADJ
1,szokott-kopott,ADJ
1,szoknyájú,ADJ
1,szökkent,ADJ
1,szökellő,ADJ
1,szokatlan,ADJ
1,szívó,ADJ
1,szíves,ADJ
1,szivén,ADJ
1,szívbéli,ADJ
1,szintelenül,ADJ
1,szilárd,ADJ
1,szikű,ADJ
1,szikrázón,ADJ
1,sziklaszántó,ADJ
1,szikár,ADJ
1,széternyedt,ADJ
1,szesztelen,ADJ
1,szertelen,ADJ
1,szeri,ADJ
1,szerettei,ADJ
1,Szeretetemt,ADJ
1,szerencsés,ADJ
1,szépbbik,ADJ
1,szépbb,ADJ
1,szenes,ADJ
1,szemverős,ADJ
1,szemű,ADJ
1,szemszinű,ADJ
1,szem-maró,ADJ
1,szemeib,ADJ
1,szélnevelő,ADJ
1,szellőzködő,ADJ
1,szellemes,ADJ
1,szeles,ADJ
1,szégyenverten,ADJ
1,szegi,ADJ
1,szédült,ADJ
1,szederjes,ADJ
1,százlátó,ADJ
1,százkilós,ADJ
1,százannyi,ADJ
1,szárnyaszegett,ADJ
1,szárnyas,ADJ
1,szárnyaló,ADJ
1,szapora,ADJ
1,szándéktalan,ADJ
1,szándékoló,ADJ
1,számlálhatatlan,ADJ
1,számadó,ADJ
1,szaladvás,ADJ
1,szaladtató,ADJ
1,szakállas,ADJ
1,szakadt,ADJ
1,száguldó,ADJ
1,szaggató,ADJ
1,szabatos,ADJ
1,szabású,ADJ
1,suttyant,ADJ
1,susogó,ADJ
1,súnyi,ADJ
1,sunyi,ADJ
1,súlyú,ADJ
1,süllyedő,ADJ
1,süket,ADJ
1,suhogó,ADJ
1,sugaras,ADJ
1,subás,ADJ
1,sötétpej,ADJ
1,sötétlő,ADJ
1,sós,ADJ
1,sorvasztó,ADJ
1,sorsos,ADJ
1,sörényes,ADJ
1,sorakozó,ADJ
1,sokútú,ADJ
1,soknyákú,ADJ
1,sokaggancsú,ADJ
1,sóhajtó,ADJ
1,sivalkodó,ADJ
1,sistergő,ADJ
1,sírköves,ADJ
1,síri,ADJ
1,sirás,ADJ
1,siralmas,ADJ
1,simogatott,ADJ
1,sím,ADJ
1,síkos,ADJ
1,sikoltó,ADJ
1,sekély,ADJ
1,savanyú,ADJ
1,savanykás,ADJ
1,sátános,ADJ
1,saserejű,ADJ
1,sárkányos,ADJ
1,sanda,ADJ
1,sajnálatos,ADJ
1,sajgó,ADJ
1,rugódzó,ADJ
1,rubintos,ADJ
1,rozsdalevelű,ADJ
1,rózsásujjú,ADJ
1,rózsás-piros,ADJ
1,rózsaromboló,ADJ
1,rózsakötőjű,ADJ
1,rövid,ADJ
1,rotyogó,ADJ
1,rőtszakállú,ADJ
1,rothadó,ADJ
1,roskadt,ADJ
1,ropogósan,ADJ
1,ronds,ADJ
1,romlott,ADJ
1,romló,ADJ
1,romboló,ADJ
1,rokon,ADJ
1,rohanó,ADJ
1,robogó,ADJ
1,robbantóbb,ADJ
1,rimánkodóan,ADJ
1,rézbőrű,ADJ
1,révedő,ADJ
1,rettenetes,ADJ
1,réti,ADJ
1,reszketésű,ADJ
1,repeső,ADJ
1,rendes,ADJ
1,reménytelen,ADJ
1,remélt,ADJ
1,remélő,ADJ
1,rekedtebb,ADJ
1,rejtő,ADJ
1,rejtett,ADJ
1,rejtelmes,ADJ
1,reges,ADJ
1,régebbiek,ADJ
1,rángó,ADJ
1,randa,ADJ
1,ráncolódó,ADJ
1,rákövesedő,ADJ
1,rakottabb,ADJ
1,rakatott,ADJ
1,ragaszkodó,ADJ
1,ragadozó,ADJ
1,rabbi,ADJ
1,pusztító,ADJ
1,puhább,ADJ
1,pufók,ADJ
1,pucér,ADJ
1,proletári,ADJ
1,proletár,ADJ
1,primitíven,ADJ
1,prágai,ADJ
1,pösze,ADJ
1,poshadt,ADJ
1,pörsenéses,ADJ
1,porló,ADJ
1,porhanyó,ADJ
1,pontos,ADJ
1,pondrósodi,ADJ
1,pompás,ADJ
1,polituros,ADJ
1,pókos,ADJ
1,pokoli,ADJ
1,pokolbeli,ADJ
1,poklozó,ADJ
1,poklos,ADJ
1,pókhasú,ADJ
1,pókhálós,ADJ
1,plakátarcú,ADJ
1,pirosító,ADJ
1,piroscsíkos,ADJ
1,pirosabb,ADJ
1,pirkadó,ADJ
1,pihegő,ADJ
1,picike,ADJ
1,pesti,ADJ
1,permeteg,ADJ
1,pergő,ADJ
1,pénzes,ADJ
1,pengétlenül,ADJ
1,pehelyező,ADJ
1,pecsétei,ADJ
1,patyolat-fehér,ADJ
1,patakhúrú,ADJ
1,pártfogón,ADJ
1,pártalan,ADJ
1,páros,ADJ
1,párolgó,ADJ
1,parazsas,ADJ
1,parázs,ADJ
1,párás,ADJ
1,paplanos,ADJ
1,pántos,ADJ
1,páncélos,ADJ
1,otthontalan,ADJ
1,ötödik,ADJ
1,őszutói,ADJ
1,osztályharcos,ADJ
1,oszladozó,ADJ
1,összetörten,ADJ
1,összetört,ADJ
1,összeszorított,ADJ
1,összekuszálódott,ADJ
1,összehozóan,ADJ
1,összecsődített,ADJ
1,összeállitani,ADJ
1,orzó,ADJ
1,őrülten,ADJ
1,orrú,ADJ
1,örömtelen,ADJ
1,örömkalmáros,ADJ
1,őrölt,ADJ
1,örökszép,ADJ
1,örök-mogorva,ADJ
1,örökké-könyörgő,ADJ
1,örökifjú,ADJ
1,örökeddigi,ADJ
1,őrjöngő,ADJ
1,ördöngös,ADJ
1,ördögi,ADJ
1,ordító,ADJ
1,ónos,ADJ
1,önfeledt,ADJ
1,ömlő,ADJ
1,omladó,ADJ
1,olvasztó,ADJ
1,öltözött,ADJ
1,oltáros,ADJ
1,ölő,ADJ
1,ólmos,ADJ
1,öles,ADJ
1,ölelő-nagy,ADJ
1,oldódó,ADJ
1,olcsóbb,ADJ
1,ölbecsaló,ADJ
1,ólálkodó,ADJ
1,olajos,ADJ
1,okulón,ADJ
1,oktalanul,ADJ
1,oktalan,ADJ
1,okozó,ADJ
1,okossan,ADJ
1,ökölnyi,ADJ
1,öklendező,ADJ
1,odataszi,ADJ
1,ocsmány,ADJ
1,öblögetési,ADJ
1,ó-aranyos,ADJ
1,ő,ADJ
1,nyüzsögő,ADJ
1,nyüzsgő,ADJ
1,nyuvötten,ADJ
1,nyúlós,ADJ
1,nyújtott,ADJ
1,nyughatatlanul,ADJ
1,nyomoruságos,ADJ
1,nyomorú,ADJ
1,nyomorító,ADJ
1,nyolcvanadik,ADJ
1,nyílt,ADJ
1,nyilt,ADJ
1,nyili,ADJ
1,nyihogó,ADJ
1,nyert,ADJ
1,nyersen,ADJ
1,nyelvi,ADJ
1,nyelves,ADJ
1,nyavalyás,ADJ
1,nyárestéli,ADJ
1,nyálú,ADJ
1,nyájas,ADJ
1,növényi,ADJ
1,novemberi,ADJ
1,nótás,ADJ
1,noszogatott,ADJ
1,női,ADJ
1,nevettető,ADJ
1,nevetséges,ADJ
1,népű,ADJ
1,nemzeti,ADJ
1,nem-lett,ADJ
1,német,ADJ
1,nélküli,ADJ
1,negyvenemeletes,ADJ
1,nedvesen,ADJ
1,nászi,ADJ
1,naptalanul,ADJ
1,naptalan,ADJ
1,napszülte,ADJ
1,nappali,ADJ
1,napos,ADJ
1,napi,ADJ
1,naphajú,ADJ
1,n'ai,ADJ
1,nagyszivű,ADJ
1,nagykedvű,ADJ
1,nagyhasú,ADJ
1,Nagy-erős,ADJ
1,nagycsontú,ADJ
1,nagycsöndű,ADJ
1,nagyapái,ADJ
1,nádi,ADJ
1,művelhető,ADJ
1,muharos,ADJ
1,motyogó,ADJ
1,mostoha,ADJ
1,mostani,ADJ
1,mosolytalanul,ADJ
1,mosolyos,ADJ
1,mosolyodnyi,ADJ
1,moslékos,ADJ
1,mosdatott,ADJ
1,morcos,ADJ
1,mogorva,ADJ
1,modern,ADJ
1,mocsári,ADJ
1,mitsemsejtő,ADJ
1,mindig-égő,ADJ
1,mindenik,ADJ
1,milliónyi,ADJ
1,mezei,ADJ
1,messzehangzón,ADJ
1,messze,ADJ
1,mért,ADJ
1,merően,ADJ
1,merevebb,ADJ
1,merész,ADJ
1,meredten,ADJ
1,mennyköves,ADJ
1,mennyezetes,ADJ
1,menekülő,ADJ
1,mélységes,ADJ
1,mélyillatú,ADJ
1,méltóbban,ADJ
1,mellű,ADJ
1,melegszivű,ADJ
1,megvetetlen,ADJ
1,megvert,ADJ
1,megváltott,ADJ
1,megvakult,ADJ
1,megvacogó,ADJ
1,megtört,ADJ
1,megtárult,ADJ
1,megszolgált,ADJ
1,megszerkesztett,ADJ
1,megrepedt,ADJ
1,megrecsegő,ADJ
1,megölt,ADJ
1,megköszörült,ADJ
1,megjelent,ADJ
1,meghaló,ADJ
1,meghalló,ADJ
1,meggörnyedt,ADJ
1,megfáradt,ADJ
1,megfagyott,ADJ
1,megértő,ADJ
1,megdühödt,ADJ
1,megdöfött,ADJ
1,megdermedten,ADJ
1,megdermedt,ADJ
1,megcsorbult,ADJ
1,megbonthatatlan,ADJ
1,megadó,ADJ
1,mecklenburgi,ADJ
1,mázsás,ADJ
1,maszatos,ADJ
1,másvilági,ADJ
1,második,ADJ
1,marxi,ADJ
1,marokszedő,ADJ
1,maró,ADJ
1,markos,ADJ
1,marék,ADJ
1,marcona,ADJ
1,maradandóbb,ADJ
1,manikűrözött,ADJ
1,malteros,ADJ
1,málló,ADJ
1,málhás,ADJ
1,mákonyos,ADJ
1,magvető,ADJ
1,magasztos,ADJ
1,ma,ADJ
1,lyukas,ADJ
1,lüktető,ADJ
1,ludtalpú,ADJ
1,lombtalan,ADJ
1,lőcslábú,ADJ
1,lisztes,ADJ
1,libegtetett,ADJ
1,libbenő,ADJ
1,levert,ADJ
1,letörlő,ADJ
1,letiport,ADJ
1,leszédült,ADJ
1,leső,ADJ
1,leselkedő,ADJ
1,lerongyolódott,ADJ
1,leomló,ADJ
1,leölt,ADJ
1,lengedező,ADJ
1,lelki,ADJ
1,lehullott,ADJ
1,lehelő,ADJ
1,lehajtott,ADJ
1,léha,ADJ
1,leggyötört,ADJ
1,legelgető,ADJ
1,ledőlt,ADJ
1,lecsukódó,ADJ
1,lebontott,ADJ
1,lebegő,ADJ
1,lázadó,ADJ
1,laza,ADJ
1,lávás,ADJ
1,látó,ADJ
1,látnivélő,ADJ
1,latin,ADJ
1,láthatatlan,ADJ
1,lapos,ADJ
1,lapdák,ADJ
1,lányos,ADJ
1,lankás,ADJ
1,lángú,ADJ
1,láncos,ADJ
1,lakkozottan,ADJ
1,lakkos,ADJ
1,lábú,ADJ
1,lábonjáró,ADJ
1,lábai,ADJ
1,küzdő,ADJ
1,kutyább,ADJ
1,kutya,ADJ
1,kuszált,ADJ
1,kurta,ADJ
1,kurjantós,ADJ
1,kunkorgó,ADJ
1,különös-édes,ADJ
1,kulcsolt,ADJ
1,kristálylelkű,ADJ
1,krajcáros,ADJ
1,köznapi,ADJ
1,középiskolás,ADJ
1,köttető,ADJ
1,kotró,ADJ
1,kötözött,ADJ
1,kötéltáncos,ADJ
1,köszvényes,ADJ
1,köszörűs,ADJ
1,kósza,ADJ
1,kóstoló,ADJ
1,körülményes,ADJ
1,korrekt,ADJ
1,koromorrú,ADJ
1,korgóbban,ADJ
1,korcsolyázó,ADJ
1,korcs,ADJ
1,koptató,ADJ
1,koppanó,ADJ
1,kopárabb,ADJ
1,kontyú,ADJ
1,konok-sörényű,ADJ
1,konok,ADJ
1,könnyűségű,ADJ
1,könnyülő,ADJ
1,könnytelen,ADJ
1,könnyedébb,ADJ
1,kongó,ADJ
1,komolykodó,ADJ
1,komisz,ADJ
1,kollektív,ADJ
1,koholt,ADJ
1,ködös,ADJ
1,kóborgó,ADJ
1,kóboran,ADJ
1,kivilágított,ADJ
1,kivasalt,ADJ
1,kívánt,ADJ
1,kitört,ADJ
1,kiterített,ADJ
1,kitaszi,ADJ
1,kiszikkadó,ADJ
1,kiszáradt,ADJ
1,kisírtan,ADJ
1,kisiparos,ADJ
1,kipirult,ADJ
1,kínzó,ADJ
1,kinyúló,ADJ
1,kinyilt,ADJ
1,kinyíló,ADJ
1,kinőtt,ADJ
1,kínlódó,ADJ
1,kimért,ADJ
1,kíméletlen,ADJ
1,kilós,ADJ
1,kilógó,ADJ
1,kikeleti,ADJ
1,kihaló,ADJ
1,kigyulladó,ADJ
1,kifosztott,ADJ
1,kifeslő,ADJ
1,kifent,ADJ
1,kidobott,ADJ
1,kicsikis,ADJ
1,kicsike,ADJ
1,kiázott,ADJ
1,kiáltó,ADJ
1,kialakult,ADJ
1,kezű,ADJ
1,kezi,ADJ
1,kevély,ADJ
1,kéthektós,ADJ
1,kétes,ADJ
1,kétéltű,ADJ
1,késő,ADJ
1,keserűn,ADJ
1,keserülő,ADJ
1,keserűbben,ADJ
1,kerülő,ADJ
1,kérő,ADJ
1,kérlelhetetlen,ADJ
1,keresztelő,ADJ
1,keresztekbe-rakott,ADJ
1,kereső,ADJ
1,képtelen,ADJ
1,képletes,ADJ
1,kénytelen,ADJ
1,kenyérvető,ADJ
1,kenyeres,ADJ
1,kényelmes,ADJ
1,keményderékú,ADJ
1,keletkezett,ADJ
1,kékülő,ADJ
1,kéksötét,ADJ
1,kékpúpú,ADJ
1,kéklő,ADJ
1,kékellő,ADJ
1,kékebben,ADJ
1,kegyetlenkedő,ADJ
1,kegyes,ADJ
1,kegyenc,ADJ
1,kedvesebben,ADJ
1,kecses,ADJ
1,kávéházi,ADJ
1,kártyás,ADJ
1,karmos,ADJ
1,karácsonyesti,ADJ
1,kápráztató,ADJ
1,kancsi,ADJ
1,kamrai,ADJ
1,kalászos,ADJ
1,kalapáló,ADJ
1,kakukkos,ADJ
1,kaján,ADJ
1,kacagó,ADJ
1,kacagásos,ADJ
1,jövőbeli,ADJ
1,jó-régi,ADJ
1,jólsütő,ADJ
1,jóízű,ADJ
1,jóizű,ADJ
1,jóillatú,ADJ
1,jóhangú,ADJ
1,jobbharcú,ADJ
1,jegyes,ADJ
1,jegesen,ADJ
1,jégcsapos,ADJ
1,játékos,ADJ
1,járó,ADJ
1,járású,ADJ
1,jaj-kráteres,ADJ
1,izzadtan,ADJ
1,izzadó,ADJ
1,ízű,ADJ
1,izlelő,ADJ
1,izgága,ADJ
1,ízetlen,ADJ
1,íves,ADJ
1,iszonyúbb,ADJ
1,iszonyodó,ADJ
1,iszonyatos,ADJ
1,istentelen,ADJ
1,istendicsérő,ADJ
1,ismert,ADJ
1,ismerős,ADJ
1,iromba,ADJ
1,irodalmi,ADJ
1,Irígy,ADJ
1,irígy,ADJ
1,irgalmas,ADJ
1,írástudatlan,ADJ
1,irányozott,ADJ
1,iramló,ADJ
1,integető,ADJ
1,ingerült,ADJ
1,incselkedő,ADJ
1,ilyesféle,ADJ
1,illő,ADJ
1,illó,ADJ
1,illendőképpen,ADJ
1,Ijedt-kerek,ADJ
1,igazszívű,ADJ
1,igazságos,ADJ
1,idős,ADJ
1,idegenül,ADJ
1,húzott,ADJ
1,hűtlen,ADJ
1,huszonötéves,ADJ
1,húszfilléres,ADJ
1,húszesztendős,ADJ
1,hűsi,ADJ
1,hurjai,ADJ
1,huncutul,ADJ
1,hümmögő,ADJ
1,humanista,ADJ
1,hült,ADJ
1,hűlő,ADJ
1,hullámos,ADJ
1,hozzáértő,ADJ
1,hozott,ADJ
1,hóvirághúsú,ADJ
1,hosszúszárú,ADJ
1,hosszas,ADJ
1,hősi,ADJ
1,hősebb,ADJ
1,hős,ADJ
1,honos,ADJ
1,homályos,ADJ
1,holdvilágos,ADJ
1,holdkóros,ADJ
1,hóhideg,ADJ
1,hódoló,ADJ
1,hób,ADJ
1,hívott,ADJ
1,hitványabb,ADJ
1,hitetlen,ADJ
1,híri,ADJ
1,hibbant,ADJ
1,hibátlan,ADJ
1,hibás-szivű,ADJ
1,hibás,ADJ
1,hiányzó,ADJ
1,heves,ADJ
1,heveny,ADJ
1,hétórai,ADJ
1,hétéves,ADJ
1,hervadt,ADJ
1,hervadó,ADJ
1,hemzsegő,ADJ
1,hempergő,ADJ
1,helyes,ADJ
1,héjú,ADJ
1,hejehuja,ADJ
1,hazug,ADJ
1,hazatartó,ADJ
1,havi,ADJ
1,hátulgombolós,ADJ
1,haszontalan,ADJ
1,hasonlóbb,ADJ
1,hasi,ADJ
1,harsogó,ADJ
1,harsan,ADJ
1,hars,ADJ
1,háromszoros,ADJ
1,harmincegynehány,ADJ
1,harmatos-rózsaszínű,ADJ
1,harmadik,ADJ
1,hárfaszemű,ADJ
1,hántott,ADJ
1,hántatlan,ADJ
1,hamvadthajú,ADJ
1,hamvadó,ADJ
1,hamarossan,ADJ
1,hamarkedvű,ADJ
1,haloványan,ADJ
1,halottan,ADJ
1,háló-alji,ADJ
1,haló,ADJ
1,hallhatón,ADJ
1,hallatlan,ADJ
1,halhatatlan,ADJ
1,haldokló,ADJ
1,halálsohajtás,ADJ
1,háládatosan,ADJ
1,hajótörött,ADJ
1,hajnalszőrű,ADJ
1,hajlott,ADJ
1,hájas,ADJ
1,hagyottan,ADJ
1,hadi,ADJ
1,háborgó,ADJ
1,gyűrt,ADJ
1,gyűrődő,ADJ
1,gyümölcsű,ADJ
1,gyümölcsdögvesztő,ADJ
1,gyűlő,ADJ
1,gyulladásos,ADJ
1,Gyulékony,ADJ
1,győztes,ADJ
1,győzelmesen,ADJ
1,gyötrően,ADJ
1,gyötrő,ADJ
1,gyönyörűszép,ADJ
1,gyönyörködő,ADJ
1,gyöngyös,ADJ
1,gyöngéden,ADJ
1,gyomorbeteg,ADJ
1,gyomorbajos,ADJ
1,gyógyítható,ADJ
1,gyermekes,ADJ
1,gyerekes,ADJ
1,gyatra,ADJ
1,gyarló,ADJ
1,gyári,ADJ
1,gyapjú,ADJ
1,gyanús,ADJ
1,gyanus,ADJ
1,gyanakvóan,ADJ
1,gyanakvó,ADJ
1,gyalogos,ADJ
1,gúnyos,ADJ
1,grőnlandi,ADJ
1,göthös,ADJ
1,görög-keleti,ADJ
1,görnyesztő,ADJ
1,görnyedt,ADJ
1,görnyedő,ADJ
1,gördülő,ADJ
1,görcsös,ADJ
1,görbülő,ADJ
1,görbedő,ADJ
1,gondoló,ADJ
1,gomolygón,ADJ
1,gömbölyödő,ADJ
1,gépies,ADJ
1,gallyas,ADJ
1,füves,ADJ
1,fütyülő,ADJ
1,füttyös,ADJ
1,füttyentő,ADJ
1,futós,ADJ
1,futó,ADJ
1,futkározó,ADJ
1,fűszeres,ADJ
1,füstös,ADJ
1,füstölt,ADJ
1,furulyáló,ADJ
1,fürtös,ADJ
1,fürkészhetetlen,ADJ
1,furfangos,ADJ
1,furakvó,ADJ
1,fuldokló,ADJ
1,fujjó,ADJ
1,friss-ízű,ADJ
1,frisses,ADJ
1,francia,ADJ
1,fraîches,ADJ
1,főzelékszínű,ADJ
1,fővárosi,ADJ
1,fortyos,ADJ
1,fortélyos,ADJ
1,förtelmes,ADJ
1,forrongó,ADJ
1,formás,ADJ
1,formáló,ADJ
1,forgós,ADJ
1,font,ADJ
1,fönséges,ADJ
1,fonnyadt,ADJ
1,fölséges,ADJ
1,fölosztott,ADJ
1,fölösleges,ADJ
1,fölmutatott,ADJ
1,fölmutatandó,ADJ
1,fölmorajló,ADJ
1,föllázadt,ADJ
1,fölkelő,ADJ
1,fölgyűlt,ADJ
1,fölfoghatatlan,ADJ
1,fölébredő,ADJ
1,földszintes,ADJ
1,földes,ADJ
1,földerülten,ADJ
1,földéhes,ADJ
1,fokos,ADJ
1,fojtott,ADJ
1,fojtó,ADJ
1,fogant,ADJ
1,fogai,ADJ
1,fodrosan,ADJ
1,födött,ADJ
1,fizetett,ADJ
1,finnyás,ADJ
1,fickándozó,ADJ
1,feszült,ADJ
1,festi,ADJ
1,fergetegesen,ADJ
1,férges,ADJ
1,férfias,ADJ
1,fenyves,ADJ
1,fénytelen,ADJ
1,fénylőn,ADJ
1,fényesebben,ADJ
1,fenyegető,ADJ
1,feneszép,ADJ
1,feneketlen,ADJ
1,félszeg,ADJ
1,felső,ADJ
1,felrobajló,ADJ
1,félős,ADJ
1,felnyujtott,ADJ
1,félfagyottan,ADJ
1,félelmetes,ADJ
1,félelmesen,ADJ
1,félelmes,ADJ
1,feledtető,ADJ
1,feledékeny,ADJ
1,felebaráti,ADJ
1,fekvő,ADJ
1,feketébb,ADJ
1,fekélyes,ADJ
1,fejű,ADJ
1,fehérlő,ADJ
1,fehérhabú,ADJ
1,fehérebben,ADJ
1,fegyveres,ADJ
1,fegyelmezett,ADJ
1,feddő,ADJ
1,fecsegő,ADJ
1,fázón,ADJ
1,fázó,ADJ
1,fásult,ADJ
1,fasiszta,ADJ
1,faragott,ADJ
1,fáradatlanul,ADJ
1,fanyar,ADJ
1,famardosó,ADJ
1,faló,ADJ
1,fáklyás,ADJ
1,fakadóbb,ADJ
1,fadobáló,ADJ
1,ezüst,ADJ
1,ezerszínű,ADJ
1,ezerszeresen,ADJ
1,ezernyi,ADJ
1,expresszen,ADJ
1,evező,ADJ
1,éves,ADJ
1,európai,ADJ
1,etess,ADJ
1,esztendős,ADJ
1,észrevétlen,ADJ
1,eszelős,ADJ
1,észbontó,ADJ
1,esteli,ADJ
1,esős,ADJ
1,eső,ADJ
1,érzéketlen,ADJ
1,érzékeny,ADJ
1,érthetetlen,ADJ
1,értelmű,ADJ
1,erőtlen,ADJ
1,erőt-foganó,ADJ
1,erősits,ADJ
1,erősderekú,ADJ
1,érő,ADJ
1,erjedő,ADJ
1,érintetlen,ADJ
1,éretlenül,ADJ
1,eres,ADJ
1,erényes,ADJ
1,eredendő,ADJ
1,erdős,ADJ
1,erdőföldi,ADJ
1,érdes,ADJ
1,érces,ADJ
1,epedő,ADJ
1,enyhits,ADJ
1,enyhítő,ADJ
1,enyhi,ADJ
1,engesztelő,ADJ
1,engedelmes,ADJ
1,énektestű,ADJ
1,énekeltető,ADJ
1,emlékezően,ADJ
1,emésztő,ADJ
1,emeletnyi,ADJ
1,embertelen,ADJ
1,Emberben-bízó,ADJ
1,emberarcú,ADJ
1,elzárt,ADJ
1,elvált,ADJ
1,elvaduló,ADJ
1,elülő,ADJ
1,eltorzult,ADJ
1,éltető,ADJ
1,elterülő,ADJ
1,eltékozolt,ADJ
1,eltaposott,ADJ
1,eltáncolt,ADJ
1,elszáradt,ADJ
1,elszánt,ADJ
1,elrothadt,ADJ
1,elrongyolt,ADJ
1,elpusztíthatatlan,ADJ
1,elporló,ADJ
1,eloszlató,ADJ
1,élősdi,ADJ
1,elomló,ADJ
1,elnyúlt,ADJ
1,elnyomó,ADJ
1,elmosó,ADJ
1,elmaradt,ADJ
1,elmálló,ADJ
1,ellenforradalmi,ADJ
1,elkevert,ADJ
1,eljövendő,ADJ
1,eliramló,ADJ
1,elheverten,ADJ
1,elhangzott,ADJ
1,elgyötörten,ADJ
1,elfuló,ADJ
1,elfödött,ADJ
1,elfásult,ADJ
1,elfakult,ADJ
1,életberántó,ADJ
1,élénk,ADJ
1,elejt,ADJ
1,elégszer,ADJ
1,elégedetlen,ADJ
1,eldugott,ADJ
1,eldobottan,ADJ
1,elcsöndesült,ADJ
1,elásott,ADJ
1,eladó,ADJ
1,éjten,ADJ
1,éjfélután,ADJ
1,éjfelen,ADJ
1,éhendöglődő,ADJ
1,együttes,ADJ
1,egysejtű,ADJ
1,egyröptű,ADJ
1,Egymást-karoló,ADJ
1,egyidős,ADJ
1,egyhangú,ADJ
1,egyes,ADJ
1,egyenlő,ADJ
1,egyenes,ADJ
1,éghetetlen,ADJ
1,egészségügyi,ADJ
1,égbebillenő,ADJ
1,dus,ADJ
1,durvaorrú,ADJ
1,dülöngő,ADJ
1,dühű,ADJ
1,dudvaszedő,ADJ
1,dombor,ADJ
1,dologvégzetlen,ADJ
1,dögvészes,ADJ
1,döglött,ADJ
1,dobott,ADJ
1,dobogó,ADJ
1,dobó,ADJ
1,divatos,ADJ
1,disztelenebb,ADJ
1,diadalmas,ADJ
1,Diaboló-derekú,ADJ
1,deuil,ADJ
1,dermedt,ADJ
1,derítő,ADJ
1,deresen,ADJ
1,deres,ADJ
1,derengő,ADJ
1,deli,ADJ
1,danoló,ADJ
1,dalos,ADJ
1,dadogó,ADJ
1,csüngő,ADJ
1,csüggedt,ADJ
1,csúfos,ADJ
1,csudásan,ADJ
1,csudálatos,ADJ
1,csücsörgő,ADJ
1,csörgő,ADJ
1,csördülő,ADJ
1,csontvázas,ADJ
1,csontozott,ADJ
1,csonka,ADJ
1,csöndű,ADJ
1,csókkarós,ADJ
1,csókbul,ADJ
1,csodátlan,ADJ
1,csodálkozó,ADJ
1,csobogott,ADJ
1,csiszolt,ADJ
1,csirázó,ADJ
1,csiraszagu,ADJ
1,csípős,ADJ
1,csipogó,ADJ
1,csipetnyi,ADJ
1,csinos,ADJ
1,csillámló,ADJ
1,csillagtollú,ADJ
1,csillagszőrös,ADJ
1,csikorgó,ADJ
1,csicsókás,ADJ
1,cserjéi,ADJ
1,cserepes,ADJ
1,csengőn,ADJ
1,csemetéi,ADJ
1,csekélyke,ADJ
1,csavaros,ADJ
1,csatakos,ADJ
1,csapkodó,ADJ
1,csalóka,ADJ
1,csalfa,ADJ
1,csalánmart,ADJ
1,családi,ADJ
1,cinkos,ADJ
1,cikkázó,ADJ
1,cikázó,ADJ
1,cigány,ADJ
1,bűvös,ADJ
1,búvó,ADJ
1,bütykös,ADJ
1,büszkébben,ADJ
1,búsultató,ADJ
1,búsuló,ADJ
1,búskomoran,ADJ
1,búskomor,ADJ
1,búsító,ADJ
1,búsan-frissen,ADJ
1,búr,ADJ
1,bundás,ADJ
1,buksi,ADJ
1,bukott,ADJ
1,bujtogató,ADJ
1,bujtató,ADJ
1,buggyos,ADJ
1,búfelhős,ADJ
1,büdös,ADJ
1,bronz,ADJ
1,brazil,ADJ
1,bozontos,ADJ
1,bővízű,ADJ
1,botos,ADJ
1,botor,ADJ
1,bősz,ADJ
1,bosszúinas,ADJ
1,bosszankodó,ADJ
1,borzongós,ADJ
1,borzas,ADJ
1,borjú,ADJ
1,bordó,ADJ
1,bordás,ADJ
1,bonyolult,ADJ
1,bomlottpántú,ADJ
1,bomló,ADJ
1,bolondos,ADJ
1,boldogtalan,ADJ
1,boldogságos,ADJ
1,bokros,ADJ
1,bokrétásan,ADJ
1,bogárhátú,ADJ
1,bodzás,ADJ
1,bódító,ADJ
1,biztosító,ADJ
1,biztató,ADJ
1,bizonytalan,ADJ
1,bizonyosabb,ADJ
1,bízóan,ADJ
1,biplán,ADJ
1,bimbós,ADJ
1,bicegő,ADJ
1,bevont,ADJ
1,betyárkodó,ADJ
1,betöltetlen,ADJ
1,betelten,ADJ
1,besorolt,ADJ
1,berekháti,ADJ
1,beomló,ADJ
1,bensőbb,ADJ
1,békességes,ADJ
1,begyüjtött,ADJ
1,begyes,ADJ
1,befalazott,ADJ
1,becsületű,ADJ
1,becsukott,ADJ
1,becses,ADJ
1,bátrabb,ADJ
1,bársonyos,ADJ
1,barnuló,ADJ
1,barlangos,ADJ
1,barátosabb,ADJ
1,baráti,ADJ
1,bamba,ADJ
1,bálványos,ADJ
1,bálozó,ADJ
1,bajos,ADJ
1,bajosabb,ADJ
1,babos,ADJ
1,babonás,ADJ
1,azúrkék,ADJ
1,azuri,ADJ
1,avar,ADJ
1,átvirrasztott,ADJ
1,áttört,ADJ
1,átizzadt,ADJ
1,áthajított,ADJ
1,asztaltalan,ADJ
1,árnyú,ADJ
1,arcátlan,ADJ
1,arasznyi,ADJ
1,aranyzsinóros,ADJ
1,aranyszegélyű,ADJ
1,aranyszájú,ADJ
1,aranyló,ADJ
1,aranyhajú,ADJ
1,aranygyapjas,ADJ
1,aranybojtú,ADJ
1,áprilisi,ADJ
1,ápoló,ADJ
1,apai,ADJ
1,anyás,ADJ
1,anyakönyvi,ADJ
1,anyai,ADJ
1,Anna-kérő,ADJ
1,alvadt,ADJ
1,alsó,ADJ
1,állott,ADJ
1,állati,ADJ
1,alkotó,ADJ
1,alkonyi,ADJ
1,alkoholos,ADJ
1,alföldi,ADJ
1,alázatos,ADJ
1,alattomoss,ADJ
1,alattomos,ADJ
1,alapos,ADJ
1,alacsony,ADJ
1,akkori,ADJ
1,akármily,ADJ
1,ajánlásféle,ADJ
1,áhító,ADJ
1,ágyúzó,ADJ
1,aggancsos,ADJ
1,adta,ADJ
1,adott,ADJ
1,adós,ADJ
1,ádáz,ADJ
1,acsargó,ADJ
1,acélos,ADJ
1,5,ADJ
1,4,ADJ
1,3,ADJ
1,2,ADJ
1,1-es,ADJ
1,1,ADJ
1,1927,ADJ
1,15,ADJ
1,0,ADJ
