192,szív,NOUN
169,szem,NOUN
166,ég,NOUN
159,ember,NOUN
140,föld,NOUN
127,lélek,NOUN
115,világ,NOUN
86,kéz,NOUN
82,víz,NOUN
82,szó,NOUN
74,szél,NOUN
72,fény,NOUN
72,élet,NOUN
68,szerelem,NOUN
68,nap,NOUN
67,anya,NOUN
66,arc,NOUN
65,fa,NOUN
63,lány,NOUN
60,csillag,NOUN
60,asszony,NOUN
59,idő,NOUN
58,vér,NOUN
58,fej,NOUN
57,haj,NOUN
55,vágy,NOUN
55,kenyér,NOUN
54,virág,NOUN
51,tűz,NOUN
51,csók,NOUN
49,test,NOUN
49,álom,NOUN
48,gyerek,NOUN
47,út,NOUN
47,láb,NOUN
47,bánat,NOUN
46,kő,NOUN
45,tenger,NOUN
44,gyermek,NOUN
44,fű,NOUN
43,halál,NOUN
40,kedv,NOUN
39,város,NOUN
39,munka,NOUN
38,erő,NOUN
38,dolog,NOUN
37,úr,NOUN
36,vers,NOUN
36,por,NOUN
36,mell,NOUN
36,isten,NOUN
35,száj,NOUN
35,hegy,NOUN
35,gond,NOUN
35,dal,NOUN
34,csönd,NOUN
33,madár,NOUN
33,kín,NOUN
33,ajak,NOUN
33,ág,NOUN
32,öröm,NOUN
32,munkás,NOUN
32,kar,NOUN
32,fal,NOUN
32,erdő,NOUN
31,lomb,NOUN
31,láng,NOUN
30,levél,NOUN
30,könny,NOUN
30,éj,NOUN
29,táj,NOUN
29,nő,NOUN
29,mező,NOUN
28,nép,NOUN
28,felhő,NOUN
28,ész,NOUN
28,bor,NOUN
28,ágy,NOUN
27,ruha,NOUN
27,köd,NOUN
27,hó,NOUN
27,hajnal,NOUN
27,agy,NOUN
26,vas,NOUN
26,sors,NOUN
26,öreg,NOUN
26,kedves,NOUN
26,homlok,NOUN
26,ablak,NOUN
25,tél,NOUN
25,szeretet,NOUN
25,hit,NOUN
25,év,NOUN
25,eső,NOUN
25,csend,NOUN
24,tó,NOUN
24,nyár,NOUN
24,hold,NOUN
24,ház,NOUN
24,hab,NOUN
24,fia,NOUN
23,űr,NOUN
23,szivemb,NOUN
23,szám,NOUN
23,part,NOUN
23,költő,NOUN
23,fog,NOUN
23,bűn,NOUN
22,szerető,NOUN
22,sír,NOUN
22,rend,NOUN
22,mult,NOUN
22,könnyü,NOUN
22,kert,NOUN
22,este,NOUN
21,vihar,NOUN
21,tej,NOUN
21,nyelv,NOUN
21,néki,NOUN
21,mosoly,NOUN
21,hely,NOUN
21,bú,NOUN
20,szárny,NOUN
20,semmi,NOUN
20,rét,NOUN
20,öl,NOUN
20,kutya,NOUN
20,igazság,NOUN
20,hát,NOUN
20,fájdalom,NOUN
20,árny,NOUN
20,árnyék,NOUN
19,új,NOUN
19,ujj,NOUN
19,tenyér,NOUN
19,proletár,NOUN
19,nyugalom,NOUN
19,hal,NOUN
19,gép,NOUN
19,füst,NOUN
19,fő,NOUN
19,bolygó,NOUN
19,arany,NOUN
19,apa,NOUN
18,váll,NOUN
18,torony,NOUN
18,szoknya,NOUN
18,szegény,NOUN
18,pénz,NOUN
18,meleg,NOUN
18,legény,NOUN
18,gondolat,NOUN
18,fiú,NOUN
18,éjszaka,NOUN
18,csöpp,NOUN
17,üveg,NOUN
17,utca,NOUN
17,tavasz,NOUN
17,szépség,NOUN
17,mély,NOUN
17,homály,NOUN
17,harc,NOUN
17,férfi,NOUN
17,ének,NOUN
17,állat,NOUN
16,vég,NOUN
16,szegényember,NOUN
16,nyak,NOUN
16,hang,NOUN
16,halott,NOUN
16,értelem,NOUN
16,emlék,NOUN
16,derék,NOUN
16,barát,NOUN
15,torok,NOUN
15,testvér,NOUN
15,térd,NOUN
15,seb,NOUN
15,rongy,NOUN
15,név,NOUN
15,ló,NOUN
15,jövő,NOUN
15,hideg,NOUN
15,fül,NOUN
15,domb,NOUN
15,búza,NOUN
15,bőr,NOUN
15,bokor,NOUN
15,béke,NOUN
14,tömeg,NOUN
14,társ,NOUN
14,szoba,NOUN
14,szellő,NOUN
14,szag,NOUN
14,sár,NOUN
14,róka,NOUN
14,reg,NOUN
14,próféta,NOUN
14,patak,NOUN
14,paraszt,NOUN
14,levegő,NOUN
14,kisgyerek,NOUN
14,harag,NOUN
14,flóra,NOUN
14,feleség,NOUN
14,fegyver,NOUN
14,brumm,NOUN
14,békesség,NOUN
13,villám,NOUN
13,templom,NOUN
13,szabadság,NOUN
13,sóhaj,NOUN
13,ős,NOUN
13,mindenség,NOUN
13,menny,NOUN
13,leány,NOUN
13,lámpa,NOUN
13,kés,NOUN
13,jóság,NOUN
13,ing,NOUN
13,illat,NOUN
13,ifju,NOUN
13,hús,NOUN
13,holt,NOUN
13,elme,NOUN
13,burzsoá,NOUN
13,ár,NOUN
12,vonat,NOUN
12,titok,NOUN
12,tégla,NOUN
12,tag,NOUN
12,szalma,NOUN
12,remény,NOUN
12,mód,NOUN
12,mámor,NOUN
12,magány,NOUN
12,küszöb,NOUN
12,király,NOUN
12,kalász,NOUN
12,kalap,NOUN
12,hullám,NOUN
12,homok,NOUN
12,folyó,NOUN
12,est,NOUN
12,börtön,NOUN
12,bogár,NOUN
12,angyal,NOUN
11,vacsora,NOUN
11,törvény,NOUN
11,tető,NOUN
11,szelid,NOUN
11,szál,NOUN
11,rózsa,NOUN
11,rab,NOUN
11,pokol,NOUN
11,pap,NOUN
11,ország,NOUN
11,ököl,NOUN
11,nyomor,NOUN
11,nyom,NOUN
11,mag,NOUN
11,lobogó,NOUN
11,kör,NOUN
11,koldus,NOUN
11,igaz,NOUN
11,hét,NOUN
11,halom,NOUN
11,félelem,NOUN
11,falu,NOUN
11,ezüst,NOUN
11,csengő,NOUN
11,csapat,NOUN
11,cipő,NOUN
11,baj,NOUN
10,ünnep,NOUN
10,tócsa,NOUN
10,talaj,NOUN
10,sziv,NOUN
10,szín,NOUN
10,szék,NOUN
10,pohár,NOUN
10,ősz,NOUN
10,könyv,NOUN
10,költemény,NOUN
10,íz,NOUN
10,hatalom,NOUN
10,háló,NOUN
10,hajó,NOUN
10,gyümölcs,NOUN
10,gazda,NOUN
10,felleg,NOUN
10,fagy,NOUN
10,elvtárs,NOUN
10,eb,NOUN
10,darab,NOUN
10,béka,NOUN
10,atya,NOUN
10,asztal,NOUN
10,alak,NOUN
10,ajtó,NOUN
9,tükör,NOUN
9,tőke,NOUN
9,terem,NOUN
9,telek,NOUN
9,szived,NOUN
9,szerszám,NOUN
9,sor,NOUN
9,lehelet,NOUN
9,kor,NOUN
9,kép,NOUN
9,kapu,NOUN
9,jog,NOUN
9,jég,NOUN
9,haza,NOUN
9,határ,NOUN
9,harcos,NOUN
9,gyár,NOUN
9,gőz,NOUN
9,galamb,NOUN
9,fürt,NOUN
9,eszme,NOUN
9,égbolt,NOUN
9,bolond,NOUN
9,boldogság,NOUN
8,zsák,NOUN
8,udvar,NOUN
8,tánc,NOUN
8,talp,NOUN
8,szomorúság,NOUN
8,szivem,NOUN
8,szép,NOUN
8,szenvedés,NOUN
8,szén,NOUN
8,szellem,NOUN
8,szándék,NOUN
8,sugár,NOUN
8,sarok,NOUN
8,rög,NOUN
8,pipa,NOUN
8,pillanat,NOUN
8,oldal,NOUN
8,mama,NOUN
8,magyar,NOUN
8,magos,NOUN
8,lé,NOUN
8,légy,NOUN
8,láz,NOUN
8,krumpli,NOUN
8,köröm,NOUN
8,kémény,NOUN
8,kard,NOUN
8,kabát,NOUN
8,jaj,NOUN
8,hős,NOUN
8,harmat,NOUN
8,harang,NOUN
8,háború,NOUN
8,gyilkos,NOUN
8,gőg,NOUN
8,faj,NOUN
8,ér,NOUN
8,előd,NOUN
8,dél,NOUN
8,buza,NOUN
8,bolt,NOUN
8,bölcső,NOUN
8,bér,NOUN
8,átok,NOUN
7,végzet,NOUN
7,végtelen,NOUN
7,toll,NOUN
7,tér,NOUN
7,tehén,NOUN
7,szolga,NOUN
7,szikla,NOUN
7,szalmaszál,NOUN
7,szakáll,NOUN
7,rózs,NOUN
7,raj,NOUN
7,pince,NOUN
7,pár,NOUN
7,pad,NOUN
7,ösztön,NOUN
7,ördög,NOUN
7,ól,NOUN
7,napfény,NOUN
7,macska,NOUN
7,kút,NOUN
7,kiáltás,NOUN
7,keserűség,NOUN
7,kebel,NOUN
7,kavics,NOUN
7,katona,NOUN
7,kályha,NOUN
7,játék,NOUN
7,ital,NOUN
7,ifjuság,NOUN
7,híd,NOUN
7,gyöngy,NOUN
7,gyomor,NOUN
7,gyémánt,NOUN
7,gyász,NOUN
7,gödör,NOUN
7,fűszál,NOUN
7,forrás,NOUN
7,fiad,NOUN
7,fészek,NOUN
7,erény,NOUN
7,ellenség,NOUN
7,egér,NOUN
7,édesanya,NOUN
7,dac,NOUN
7,csont,NOUN
7,brummadz,NOUN
7,bocsánat,NOUN
7,berek,NOUN
7,bátorság,NOUN
7,bársony,NOUN
7,anyag,NOUN
7,alma,NOUN
7,akarás,NOUN
6,zsoltár,NOUN
6,zseb,NOUN
6,zápor,NOUN
6,zaj,NOUN
6,völgy,NOUN
6,villamos,NOUN
6,világosság,NOUN
6,vár,NOUN
6,valóság,NOUN
6,való,NOUN
6,ucca,NOUN
6,tüdő,NOUN
6,tiszta,NOUN
6,televény,NOUN
6,teher,NOUN
6,tábla,NOUN
6,szűz,NOUN
6,szükség,NOUN
6,szöllő,NOUN
6,szivek,NOUN
6,szent,NOUN
6,só,NOUN
6,rossz,NOUN
6,remegés,NOUN
6,ránc,NOUN
6,rája,NOUN
6,rács,NOUN
6,pusztaság,NOUN
6,pompa,NOUN
6,pocsolya,NOUN
6,patkány,NOUN
6,pásztor,NOUN
6,orvos,NOUN
6,orca,NOUN
6,ölelés,NOUN
6,nyáj,NOUN
6,néni,NOUN
6,némaság,NOUN
6,mű,NOUN
6,magas,NOUN
6,lét,NOUN
6,ki,NOUN
6,kincs,NOUN
6,kancsó,NOUN
6,kalapács,NOUN
6,kalács,NOUN
6,juhász,NOUN
6,jó,NOUN
6,jegenye,NOUN
6,idegen,NOUN
6,hűség,NOUN
6,holdsuga,NOUN
6,haszon,NOUN
6,has,NOUN
6,had,NOUN
6,gyökér,NOUN
6,fergeteg,NOUN
6,féreg,NOUN
6,fényesség,NOUN
6,fele,NOUN
6,farkas,NOUN
6,esztendő,NOUN
6,érc,NOUN
6,elmulás,NOUN
6,dög,NOUN
6,diák,NOUN
6,derű,NOUN
6,csúcs,NOUN
6,csoda,NOUN
6,család,NOUN
6,büntetés,NOUN
6,bot,NOUN
6,biro,NOUN
6,barázda,NOUN
6,árok,NOUN
5,vigan,NOUN
5,vak,NOUN
5,üzem,NOUN
5,tyúk,NOUN
5,törzs,NOUN
5,tett,NOUN
5,temető,NOUN
5,tanya,NOUN
5,tank,NOUN
5,tanár,NOUN
5,szürkület,NOUN
5,szomszéd,NOUN
5,szobor,NOUN
5,szivében,NOUN
5,szirom,NOUN
5,szikra,NOUN
5,század,NOUN
5,szamár,NOUN
5,szálló,NOUN
5,sötét,NOUN
5,síma,NOUN
5,sete,NOUN
5,selyem,NOUN
5,robot,NOUN
5,rím,NOUN
5,rikkancs,NOUN
5,repülőgép,NOUN
5,rendőr,NOUN
5,reménység,NOUN
5,rea,NOUN
5,ravatal,NOUN
5,pír,NOUN
5,pihe,NOUN
5,perc,NOUN
5,otthon,NOUN
5,orr,NOUN
5,óra,NOUN
5,öled,NOUN
5,nyárfa,NOUN
5,növény,NOUN
5,nesz,NOUN
5,méh,NOUN
5,medve,NOUN
5,marok,NOUN
5,magasság,NOUN
5,leves,NOUN
5,les,NOUN
5,közöny,NOUN
5,kovács,NOUN
5,kosár,NOUN
5,köröskör,NOUN
5,konty,NOUN
5,köntös,NOUN
5,kölyök,NOUN
5,kolbász,NOUN
5,kocsi,NOUN
5,kicsike,NOUN
5,kéj,NOUN
5,kegyelem,NOUN
5,kár,NOUN
5,kapa,NOUN
5,iszap,NOUN
5,irgalom,NOUN
5,ima,NOUN
5,ige,NOUN
5,hulla,NOUN
5,hon,NOUN
5,hiány,NOUN
5,hadúr,NOUN
5,göröngy,NOUN
5,gonosz,NOUN
5,golyó,NOUN
5,gerinc,NOUN
5,gally,NOUN
5,förgeteg,NOUN
5,fiatalember,NOUN
5,fenék,NOUN
5,fél,NOUN
5,fazék,NOUN
5,fátyol,NOUN
5,falat,NOUN
5,eke,NOUN
5,disznó,NOUN
5,dicsőség,NOUN
5,csorda,NOUN
5,csorba,NOUN
5,csizma,NOUN
5,cseléd,NOUN
5,csecsemő,NOUN
5,boka,NOUN
5,bíró,NOUN
5,betű,NOUN
5,beszéd,NOUN
5,batyu,NOUN
5,balog,NOUN
5,alkony,NOUN
5,alkonyat,NOUN
5,alkohol,NOUN
5,alázat,NOUN
5,ajándék,NOUN
4,zugó,NOUN
4,zug,NOUN
4,zene,NOUN
4,vize,NOUN
4,virradat,NOUN
4,vidék,NOUN
4,végtelenség,NOUN
4,varjak,NOUN
4,vad,NOUN
4,üreg,NOUN
4,üllő,NOUN
4,tűzimádó,NOUN
4,tűzhely,NOUN
4,trónus,NOUN
4,tisztaság,NOUN
4,termő,NOUN
4,távol,NOUN
4,tar,NOUN
4,tányér,NOUN
4,szőr,NOUN
4,Szépség-fa,NOUN
4,szenvedély,NOUN
4,széna,NOUN
4,szemét,NOUN
4,szarvas,NOUN
4,szalmazsák,NOUN
4,szád,NOUN
4,süveg,NOUN
4,sortűz,NOUN
4,sodor,NOUN
4,sereg,NOUN
4,sejhaj,NOUN
4,rokon,NOUN
4,retteg,NOUN
4,rajt,NOUN
4,puszta,NOUN
4,porszem,NOUN
4,perem,NOUN
4,parapamm,NOUN
4,parancs,NOUN
4,paramm,NOUN
4,papamm,NOUN
4,palota,NOUN
4,padlás,NOUN
4,ostobaság,NOUN
4,őrület,NOUN
4,őr,NOUN
4,óriás,NOUN
4,óceán,NOUN
4,nous,NOUN
4,nemzet,NOUN
4,nedv,NOUN
4,napvilág,NOUN
4,napsugár,NOUN
4,nagy,NOUN
4,mese,NOUN
4,méreg,NOUN
4,menyasszony,NOUN
4,mellem,NOUN
4,meder,NOUN
4,másik,NOUN
4,mar,NOUN
4,marék,NOUN
4,malac,NOUN
4,lidérc,NOUN
4,létra,NOUN
4,lebukott,NOUN
4,lassuda,NOUN
4,labda,NOUN
4,krisztus,NOUN
4,kristály,NOUN
4,közép,NOUN
4,kötény,NOUN
4,koszorú,NOUN
4,korona,NOUN
4,kono,NOUN
4,köcsög,NOUN
4,kislány,NOUN
4,kisded,NOUN
4,ketrec,NOUN
4,képzelet,NOUN
4,kellem,NOUN
4,katlan,NOUN
4,kasza,NOUN
4,karju,NOUN
4,kancsal,NOUN
4,kamra,NOUN
4,kacagás,NOUN
4,jövendő,NOUN
4,jószág,NOUN
4,izom,NOUN
4,igen,NOUN
4,hüvös,NOUN
4,hosszu,NOUN
4,holló,NOUN
4,hivesség,NOUN
4,hazug,NOUN
4,harangszó,NOUN
4,győzelem,NOUN
4,gyönyör,NOUN
4,gyermekkor,NOUN
4,gyep,NOUN
4,gólya,NOUN
4,gazdag,NOUN
4,fürdő,NOUN
4,forróság,NOUN
4,forradalom,NOUN
4,folyam,NOUN
4,fodor,NOUN
4,fiatal,NOUN
4,feledés,NOUN
4,fáradtság,NOUN
4,fájás,NOUN
4,étel,NOUN
4,észak,NOUN
4,érdek,NOUN
4,emberiség,NOUN
4,él,NOUN
4,elég,NOUN
4,éjjel,NOUN
4,ebéd,NOUN
4,deszka,NOUN
4,csepp,NOUN
4,csata,NOUN
4,cimbora,NOUN
4,ceruza,NOUN
4,bútor,NOUN
4,burzsuj,NOUN
4,bosszú,NOUN
4,borzongás,NOUN
4,borzalom,NOUN
4,bicska,NOUN
4,barlang,NOUN
4,bárány,NOUN
4,bajusz,NOUN
4,bab,NOUN
4,autó,NOUN
4,amerika,NOUN
4,áll,NOUN
4,acél,NOUN
3,zuhatag,NOUN
3,zörgő,NOUN
3,zeng,NOUN
3,zátony,NOUN
3,zászló,NOUN
3,vitéz,NOUN
3,virágszál,NOUN
3,virágállat,NOUN
3,viola,NOUN
3,villany,NOUN
3,világi,NOUN
3,világbogárka,NOUN
3,vigasz,NOUN
3,vezér,NOUN
3,vetés,NOUN
3,veríték,NOUN
3,vergődés,NOUN
3,verejték,NOUN
3,veréb,NOUN
3,vendég,NOUN
3,vastőr,NOUN
3,varjú,NOUN
3,varázs,NOUN
3,vádló,NOUN
3,ütés,NOUN
3,uraság,NOUN
3,ügy,NOUN
3,tusa,NOUN
3,türelem,NOUN
3,tudás,NOUN
3,tragédia,NOUN
3,tövis,NOUN
3,történelem,NOUN
3,tors,NOUN
3,tor,NOUN
3,tő,NOUN
3,tompor,NOUN
3,tőkés,NOUN
3,tehervonat,NOUN
3,tea,NOUN
3,társadalom,NOUN
3,tarka,NOUN
3,tál,NOUN
3,takaró,NOUN
3,tábornok,NOUN
3,szurony,NOUN
3,szúnyog,NOUN
3,szövet,NOUN
3,szörnyü,NOUN
3,szivü,NOUN
3,szivün,NOUN
3,Sziv,NOUN
3,szivét,NOUN
3,szivén,NOUN
3,szivárvány,NOUN
3,szilánk,NOUN
3,szerkezet,NOUN
3,szenvedő,NOUN
3,szélvész,NOUN
3,szekér,NOUN
3,szégyen,NOUN
3,szegénység,NOUN
3,szárazság,NOUN
3,szalonna,NOUN
3,szalag,NOUN
3,suba,NOUN
3,sör,NOUN
3,sík,NOUN
3,semmiség,NOUN
3,sejt,NOUN
3,sas,NOUN
3,sáppad,NOUN
3,rút,NOUN
3,rügy,NOUN
3,rozs,NOUN
3,rózsatő,NOUN
3,ritmus,NOUN
3,ringyó,NOUN
3,rigó,NOUN
3,réz,NOUN
3,rész,NOUN
3,rémület,NOUN
3,remete,NOUN
3,rejtelem,NOUN
3,reggel,NOUN
3,redő,NOUN
3,rakás,NOUN
3,ragyogás,NOUN
3,pók,NOUN
3,piszok,NOUN
3,pipacs,NOUN
3,penge,NOUN
3,párt,NOUN
3,parázs,NOUN
3,pára,NOUN
3,paplan,NOUN
3,papir,NOUN
3,páncélvonat,NOUN
3,pálinka,NOUN
3,palánk,NOUN
3,pacsirta,NOUN
3,ostor,NOUN
3,ostoba,NOUN
3,őserő,NOUN
3,oroszlán,NOUN
3,orom,NOUN
3,orgona,NOUN
3,öntudat,NOUN
3,olló,NOUN
3,ökör,NOUN
3,ok,NOUN
3,óh,NOUN
3,odú,NOUN
3,nyomorúság,NOUN
3,nyél,NOUN
3,nyál,NOUN
3,,NOUN
3,nosz,NOUN
3,néne,NOUN
3,nehány,NOUN
3,nász,NOUN
3,napszámos,NOUN
3,naprendszer,NOUN
3,napraforgó,NOUN
3,nadrág,NOUN
3,műhely,NOUN
3,mozi,NOUN
3,mozdony,NOUN
3,mostoha,NOUN
3,mosónő,NOUN
3,mosolygás,NOUN
3,mosás,NOUN
3,moha,NOUN
3,mocsok,NOUN
3,mise,NOUN
3,mi,NOUN
3,mindig,NOUN
3,menykő,NOUN
3,mennybolt,NOUN
3,ma,NOUN
3,malom,NOUN
3,május,NOUN
3,majom,NOUN
3,máglya,NOUN
3,lopó,NOUN
3,lobogás,NOUN
3,liliom,NOUN
3,libegő,NOUN
3,lépcső,NOUN
3,lény,NOUN
3,lelkiismeret,NOUN
3,lég,NOUN
3,léc,NOUN
3,lassu,NOUN
3,lapály,NOUN
3,lámpás,NOUN
3,lakat,NOUN
3,lábai,NOUN
3,küzdelem,NOUN
3,kürt,NOUN
3,köz,NOUN
3,kötél,NOUN
3,körtefa,NOUN
3,kóró,NOUN
3,korcsma,NOUN
3,konyha,NOUN
3,könnycsepp,NOUN
3,kolomp,NOUN
3,koldús,NOUN
3,kocsma,NOUN
3,kocka,NOUN
3,kiván,NOUN
3,kisleány,NOUN
3,kisér,NOUN
3,kígyó,NOUN
3,kett,NOUN
3,kétség,NOUN
3,kerék,NOUN
3,kérdés,NOUN
3,kény,NOUN
3,kendő,NOUN
3,kemence,NOUN
3,kelet,NOUN
3,kegyetlenség,NOUN
3,kecs,NOUN
3,kecske,NOUN
3,kazal,NOUN
3,kasz,NOUN
3,kastély,NOUN
3,kártya,NOUN
3,karó,NOUN
3,karom,NOUN
3,karcsu,NOUN
3,karaj,NOUN
3,kapás,NOUN
3,kakas,NOUN
3,jónap,NOUN
3,jéghegy,NOUN
3,ívlámpa,NOUN
3,irgalmasság,NOUN
3,ínség,NOUN
3,ingó,NOUN
3,indulat,NOUN
3,inas,NOUN
3,iga,NOUN
3,ifjúság,NOUN
3,ideg,NOUN
3,hűvösség,NOUN
3,humussz,NOUN
3,hón,NOUN
3,holmi,NOUN
3,hódolat,NOUN
3,hodály,NOUN
3,hív,NOUN
3,hitvallás,NOUN
3,harangozó,NOUN
3,hangya,NOUN
3,hamu,NOUN
3,hajtás,NOUN
3,hahó,NOUN
3,gyűlölet,NOUN
3,gyík,NOUN
3,gyáva,NOUN
3,görcs,NOUN
3,gonoszság,NOUN
3,futkos,NOUN
3,folyóvíz,NOUN
3,földmíves,NOUN
3,fok,NOUN
3,fogócska,NOUN
3,fizetség,NOUN
3,fillér,NOUN
3,fene,NOUN
3,fém,NOUN
3,felület,NOUN
3,felnőtt,NOUN
3,félidő,NOUN
3,fedő,NOUN
3,fárosz,NOUN
3,far,NOUN
3,falucska,NOUN
3,erkölcs,NOUN
3,eperfa,NOUN
3,enmag,NOUN
3,elv,NOUN
3,elefánt,NOUN
3,éhség,NOUN
3,egész,NOUN
3,egérke,NOUN
3,dráma,NOUN
3,dorong,NOUN
3,dolgozó,NOUN
3,dohány,NOUN
3,dinamó,NOUN
3,dicséret,NOUN
3,diadal,NOUN
3,dér,NOUN
3,cukor,NOUN
3,csucs,NOUN
3,csősz,NOUN
3,csöbör,NOUN
3,csilló,NOUN
3,csillám,NOUN
3,csikó,NOUN
3,csiga,NOUN
3,csel,NOUN
3,csecs,NOUN
3,csavargó,NOUN
3,csatak,NOUN
3,cél,NOUN
3,céda,NOUN
3,búg,NOUN
3,búcsú,NOUN
3,botor,NOUN
3,bősz,NOUN
3,borda,NOUN
3,boltos,NOUN
3,bolha,NOUN
3,bölcseség,NOUN
3,bögre,NOUN
3,bizalom,NOUN
3,bérház,NOUN
3,bél,NOUN
3,bátya,NOUN
3,barom,NOUN
3,bankár,NOUN
3,balta,NOUN
3,balga,NOUN
3,bajtárs,NOUN
3,bagoly,NOUN
3,báb,NOUN
3,baál,NOUN
3,ásó,NOUN
3,ángy,NOUN
3,áldomás,NOUN
3,alagút,NOUN
3,aki,NOUN
3,akarat,NOUN
3,acélgömb,NOUN
2,zúgó,NOUN
2,zúgás,NOUN
2,zsír,NOUN
2,zöld,NOUN
2,volt,NOUN
2,vízcsepp,NOUN
2,vitorla,NOUN
2,viskó,NOUN
2,virágzás,NOUN
2,virágpor,NOUN
2,vincellér,NOUN
2,világszabadság,NOUN
2,világbékesség,NOUN
2,viadal,NOUN
2,veszteg,NOUN
2,vész,NOUN
2,veszély,NOUN
2,vese,NOUN
2,vértenger,NOUN
2,verssor,NOUN
2,vércsevágy,NOUN
2,vén,NOUN
2,velő,NOUN
2,vasgyár,NOUN
2,vasas,NOUN
2,vasárnap,NOUN
2,varju,NOUN
2,Van,NOUN
2,vályog,NOUN
2,valék,NOUN
2,válasz,NOUN
2,vakolat,NOUN
2,vadzab,NOUN
2,vád,NOUN
2,vádlott,NOUN
2,vadgalamb,NOUN
2,üvegöntő,NOUN
2,ütem,NOUN
2,üteg,NOUN
2,utas,NOUN
2,üstökös,NOUN
2,üresség,NOUN
2,újszülött,NOUN
2,ujság,NOUN
2,ugyanaz,NOUN
2,ugar,NOUN
2,uccakő,NOUN
2,tünő,NOUN
2,tündér,NOUN
2,tünde,NOUN
2,tudós,NOUN
2,tudó,NOUN
2,tudomány,NOUN
2,tüdőbeteg,NOUN
2,tücsök,NOUN
2,töviskoszorú,NOUN
2,to,NOUN
2,tömjén,NOUN
2,tojás,NOUN
2,több,NOUN
2,tigris,NOUN
2,tévedés,NOUN
2,tetű,NOUN
2,terv,NOUN
2,termet,NOUN
2,tengerfenék,NOUN
2,templomkert,NOUN
2,telefon,NOUN
2,tejút,NOUN
2,tejecske,NOUN
2,tartalom,NOUN
2,tarló,NOUN
2,tárgy,NOUN
2,taposó,NOUN
2,tanács,NOUN
2,talló,NOUN
2,tajték,NOUN
2,tábor,NOUN
2,szülő,NOUN
2,születésnap,NOUN
2,szózat,NOUN
2,szövőszék,NOUN
2,szövetség,NOUN
2,szövedék,NOUN
2,szőnyeg,NOUN
2,szomjúság,NOUN
2,szombat,NOUN
2,szőlő,NOUN
2,szőkeség,NOUN
2,szivünk,NOUN
2,szives,NOUN
2,szirt,NOUN
2,szint,NOUN
2,szilvafa,NOUN
2,szík,NOUN
2,szíj,NOUN
2,szijj,NOUN
2,sziget,NOUN
2,szerv,NOUN
2,szerep,NOUN
2,szerencse,NOUN
2,szerelmes,NOUN
2,szentkép,NOUN
2,szennyes,NOUN
2,szemüveg,NOUN
2,szemhéj,NOUN
2,szemérem,NOUN
2,szellőcske,NOUN
2,szelidség,NOUN
2,szelence,NOUN
2,szeglet,NOUN
2,szegényke,NOUN
2,szavai,NOUN
2,szaturnusz,NOUN
2,szarv,NOUN
2,szár,NOUN
2,szappanosvíz,NOUN
2,szappan,NOUN
2,szántó,NOUN
2,szállás,NOUN
2,szakma,NOUN
2,sur,NOUN
2,süketség,NOUN
2,suhogó,NOUN
2,suhanás,NOUN
2,sudár,NOUN
2,sötétség,NOUN
2,söpredék,NOUN
2,so,NOUN
2,sonka,NOUN
2,sohajtó,NOUN
2,sívár,NOUN
2,síp,NOUN
2,sín,NOUN
2,símoga,NOUN
2,sikos,NOUN
2,séta,NOUN
2,senki,NOUN
2,sarló,NOUN
2,sárkány,NOUN
2,sarj,NOUN
2,sárga,NOUN
2,sapka,NOUN
2,saláta,NOUN
2,sakál,NOUN
2,rúd,NOUN
2,rózsaszál,NOUN
2,röpke,NOUN
2,röpcédula,NOUN
2,roncs,NOUN
2,rimek,NOUN
2,rezg,NOUN
2,rengeteg,NOUN
2,raktár,NOUN
2,rád,NOUN
2,rabszolga,NOUN
2,ráadás,NOUN
2,pusztulás,NOUN
2,püspök,NOUN
2,prend,NOUN
2,postás,NOUN
2,pörnye,NOUN
2,pólya,NOUN
2,poloska,NOUN
2,polip,NOUN
2,polgár,NOUN
2,polc,NOUN
2,pofon,NOUN
2,planéta,NOUN
2,pirosság,NOUN
2,pille,NOUN
2,pillantás,NOUN
2,pihés,NOUN
2,penész,NOUN
2,pék,NOUN
2,pehely,NOUN
2,páva,NOUN
2,patyolat,NOUN
2,passzió,NOUN
2,pártfogó,NOUN
2,páris,NOUN
2,parasztgyerek,NOUN
2,papod,NOUN
2,papiros,NOUN
2,papír,NOUN
2,pánt,NOUN
2,páncél,NOUN
2,panasz,NOUN
2,pályaudvar,NOUN
2,pálma,NOUN
2,pajtás,NOUN
2,padló,NOUN
2,osztályharc,NOUN
2,ösvény,NOUN
2,őssejt,NOUN
2,őserdő,NOUN
2,országút,NOUN
2,orrocska,NOUN
2,ormány,NOUN
2,öregasszony,NOUN
2,öngyilkos,NOUN
2,omladék,NOUN
2,ölük,NOUN
2,oltár,NOUN
2,olaj,NOUN
2,ökörnyál,NOUN
2,ökle,NOUN
2,nyúl,NOUN
2,nyul,NOUN
2,nyugt,NOUN
2,nyomorult,NOUN
2,nóta,NOUN
2,nevetés,NOUN
2,neuv,NOUN
2,népség,NOUN
2,nép-iszony,NOUN
2,néger,NOUN
2,nedvesség,NOUN
2,nedű,NOUN
2,nappal,NOUN
2,napnyugat,NOUN
2,napkorong,NOUN
2,napkelet,NOUN
2,nagyúr,NOUN
2,nagent,NOUN
2,nád,NOUN
2,művész,NOUN
2,mutató,NOUN
2,muskátli,NOUN
2,munkásság,NOUN
2,munkaerő,NOUN
2,munkabér,NOUN
2,mozgás,NOUN
2,mozdulat,NOUN
2,motor,NOUN
2,morzsa,NOUN
2,molnár,NOUN
2,mivolta,NOUN
2,messziség,NOUN
2,messzeség,NOUN
2,mersz,NOUN
2,menyország,NOUN
2,mennyezet,NOUN
2,menedék,NOUN
2,mélység,NOUN
2,méltó,NOUN
2,mélán,NOUN
2,megváltó,NOUN
2,medrü,NOUN
2,másolás,NOUN
2,marx,NOUN
2,márvány,NOUN
2,margitsziget,NOUN
2,máma,NOUN
2,magyarság,NOUN
2,magyarázat,NOUN
2,lyuk,NOUN
2,luk,NOUN
2,lucsok,NOUN
2,luca,NOUN
2,lovai,NOUN
2,locska,NOUN
2,lobog,NOUN
2,lob,NOUN
2,liszt,NOUN
2,líra,NOUN
2,liliomlábai,NOUN
2,liliomillat,NOUN
2,lidi,NOUN
2,lépés,NOUN
2,leltár,NOUN
2,lelkesedés,NOUN
2,léggömb,NOUN
2,leányzó,NOUN
2,leányka,NOUN
2,látszat,NOUN
2,lányka,NOUN
2,lanka,NOUN
2,lánc,NOUN
2,lak,NOUN
2,lakás,NOUN
2,láda,NOUN
2,lábujjhegy,NOUN
2,kutyatej,NOUN
2,külváros,NOUN
2,kukac,NOUN
2,kristályablak,NOUN
2,közösség,NOUN
2,közel,NOUN
2,kövezet,NOUN
2,kotor,NOUN
2,kötelesség,NOUN
2,kötelen,NOUN
2,körút,NOUN
2,körte,NOUN
2,korom,NOUN
2,körhinta,NOUN
2,korbács,NOUN
2,kopogtatás,NOUN
2,könyvelő,NOUN
2,könyörgés,NOUN
2,kondér,NOUN
2,komondor,NOUN
2,koma,NOUN
2,koka,NOUN
2,kócsag,NOUN
2,kócmadzag,NOUN
2,kláris,NOUN
2,kisgyermek,NOUN
2,kisfiú,NOUN
2,kisfia,NOUN
2,kirakat,NOUN
2,kino,NOUN
2,kikötő,NOUN
2,kicsi,NOUN
2,keserü,NOUN
2,kereszt,NOUN
2,kenyérhéj,NOUN
2,kelm,NOUN
2,kékorru,NOUN
2,kék,NOUN
2,kefe,NOUN
2,kedveske,NOUN
2,kazán,NOUN
2,kávéház,NOUN
2,kasznár,NOUN
2,kaszárnya,NOUN
2,kassza,NOUN
2,kása,NOUN
2,karika,NOUN
2,karalábé,NOUN
2,karácsony,NOUN
2,kapanyél,NOUN
2,kanna,NOUN
2,jót-akaró,NOUN
2,jószó,NOUN
2,jószag,NOUN
2,jobb,NOUN
2,jobbkéz,NOUN
2,jézus,NOUN
2,jel,NOUN
2,jelenés,NOUN
2,jegy,NOUN
2,jászol,NOUN
2,jassz,NOUN
2,járda,NOUN
2,izsák,NOUN
2,izé,NOUN
2,iszonyat,NOUN
2,iszamos,NOUN
2,istenség,NOUN
2,ismerős,NOUN
2,iskola,NOUN
2,irtózat,NOUN
2,intés,NOUN
2,ín,NOUN
2,il,NOUN
2,illő,NOUN
2,ignotus,NOUN
2,Igaz,NOUN
2,ifjú,NOUN
2,hűtel,NOUN
2,huszonötév,NOUN
2,huszár,NOUN
2,husom,NOUN
2,husába,NOUN
2,húr,NOUN
2,huncut,NOUN
2,hülye,NOUN
2,hullaszag,NOUN
2,huga,NOUN
2,hozsánn,NOUN
2,hosszú,NOUN
2,hőség,NOUN
2,hörgés,NOUN
2,hordó,NOUN
2,hord,NOUN
2,holttest,NOUN
2,holnap,NOUN
2,holdvilág,NOUN
2,holdsugár,NOUN
2,hír,NOUN
2,hia,NOUN
2,hév,NOUN
2,hernyó,NOUN
2,hejh,NOUN
2,hegyfok,NOUN
2,harmatcsepp,NOUN
2,haraszt,NOUN
2,harangnyelv,NOUN
2,hant,NOUN
2,hamv,NOUN
2,hám,NOUN
2,halandó,NOUN
2,hajsza,NOUN
2,hajlás,NOUN
2,hagyma,NOUN
2,hadnagy,NOUN
2,gyufa,NOUN
2,gyönyörűség,NOUN
2,gyönyörű,NOUN
2,gyom,NOUN
2,gyertya,NOUN
2,gyengeség,NOUN
2,gyémánthegy,NOUN
2,gyávaság,NOUN
2,gyalázat,NOUN
2,görögdinnye,NOUN
2,gondolatha,NOUN
2,göncöl,NOUN
2,göbbedő,NOUN
2,gaz,NOUN
2,füty,NOUN
2,fröccs,NOUN
2,főzelék,NOUN
2,forma,NOUN
2,fonat,NOUN
2,folt,NOUN
2,fölszíjj,NOUN
2,földesúr,NOUN
2,fogalom,NOUN
2,figyelem,NOUN
2,fiatalasszony,NOUN
2,fiacska,NOUN
2,festő,NOUN
2,festék,NOUN
2,fenyves,NOUN
2,fényü,NOUN
2,fényszóró,NOUN
2,fényesiti,NOUN
2,félsz,NOUN
2,felszin,NOUN
2,félhomály,NOUN
2,fekhely,NOUN
2,fejemal,NOUN
2,fejedelem,NOUN
2,fecske,NOUN
2,fasizmus,NOUN
2,farok,NOUN
2,falka,NOUN
2,falevél,NOUN
2,fakó,NOUN
2,fakír,NOUN
2,facsar,NOUN
2,ezerév,NOUN
2,expresszvonat,NOUN
2,évszak,NOUN
2,esső,NOUN
2,espersit,NOUN
2,érzés,NOUN
2,érzelem,NOUN
2,érzed,NOUN
2,erőszak,NOUN
2,érckő,NOUN
2,épület,NOUN
2,emlő,NOUN
2,emlékezés,NOUN
2,emberség,NOUN
2,eltünő,NOUN
2,eltüni,NOUN
2,elnyomás,NOUN
2,elmuli,NOUN
2,ék,NOUN
2,ekeszarv,NOUN
2,Eiffel-torony,NOUN
2,éh,NOUN
2,éhes,NOUN
2,együgyü,NOUN
2,egyszerü,NOUN
2,égitest,NOUN
2,édes,NOUN
2,édeske,NOUN
2,édesapa,NOUN
2,ebfog,NOUN
2,dzsungel,NOUN
2,dunna,NOUN
2,dübörgés,NOUN
2,drótkötél,NOUN
2,drágakő,NOUN
2,dörgés,NOUN
2,don,NOUN
2,dong,NOUN
2,dinnye,NOUN
2,dinamit,NOUN
2,deszkapolc,NOUN
2,deres,NOUN
2,darázs,NOUN
2,darabka,NOUN
2,dallam,NOUN
2,cucli,NOUN
2,csűr,NOUN
2,csülök,NOUN
2,csukló,NOUN
2,cső,NOUN
2,csónak,NOUN
2,csomó,NOUN
2,csomag,NOUN
2,csolnak,NOUN
2,csirke,NOUN
2,csillagzat,NOUN
2,csillagvilág,NOUN
2,csigolya,NOUN
2,csibe,NOUN
2,csermely,NOUN
2,cseresznye,NOUN
2,cseperészg,NOUN
2,csengés,NOUN
2,cselédlány,NOUN
2,csarnok,NOUN
2,cövek,NOUN
2,cím,NOUN
2,chemise,NOUN
2,cella,NOUN
2,buzgóság,NOUN
2,búzaszem,NOUN
2,búzaföld,NOUN
2,bütyök,NOUN
2,butaság,NOUN
2,büszkeség,NOUN
2,Busulsz,NOUN
2,bűnös,NOUN
2,bunda,NOUN
2,buj,NOUN
2,bucka,NOUN
2,bronzajk,NOUN
2,borona,NOUN
2,borók,NOUN
2,borja,NOUN
2,bolondság,NOUN
2,böködi,NOUN
2,bog,NOUN
2,boglya,NOUN
2,bizonyság,NOUN
2,bitang,NOUN
2,birtok,NOUN
2,bimbó,NOUN
2,bilincs,NOUN
2,bika,NOUN
2,bendő,NOUN
2,bátora,NOUN
2,baro,NOUN
2,barátság,NOUN
2,bányász,NOUN
2,banda,NOUN
2,bádogeresz,NOUN
2,árvaság,NOUN
2,árbóc,NOUN
2,áram,NOUN
2,anyuka,NOUN
2,anyó,NOUN
2,anyóka,NOUN
2,anyaföld,NOUN
2,anarkia,NOUN
2,alvás,NOUN
2,almafa,NOUN
2,állkapocs,NOUN
2,állás,NOUN
2,alku,NOUN
2,alkóv,NOUN
2,alkotmány,NOUN
2,alj,NOUN
2,alán,NOUN
2,alan,NOUN
2,akol,NOUN
2,akna,NOUN
2,ágyú,NOUN
2,agitátor,NOUN
2,adós,NOUN
2,adó,NOUN
2,abrosz,NOUN
2,abroncs,NOUN
2,ábel,NOUN
1,zúzmara,NOUN
1,Zúzmara-lógó,NOUN
1,zümmögés,NOUN
1,zúg,NOUN
1,zsuzsu,NOUN
1,zsúrfiú,NOUN
1,zsupptető,NOUN
1,zsupp,NOUN
1,zsuppfedél,NOUN
1,zsoltárolás,NOUN
1,zsir,NOUN
1,zsiger,NOUN
1,zsidó,NOUN
1,zsibongás,NOUN
1,zseni,NOUN
1,zsebtolvaj,NOUN
1,zsarnok,NOUN
1,zsandár,NOUN
1,zsákdarab,NOUN
1,zörej,NOUN
1,zongora,NOUN
1,zola,NOUN
1,zokszó,NOUN
1,zivatar,NOUN
1,zengés,NOUN
1,zenész,NOUN
1,zavar,NOUN
1,zászlótok,NOUN
1,zápfog,NOUN
1,zamat,NOUN
1,zalán,NOUN
1,zajuk-baj,NOUN
1,zajgás,NOUN
1,zafír,NOUN
1,zacskó,NOUN
1,zabálás,NOUN
1,wotan,NOUN
1,wien,NOUN
1,werbőczi,NOUN
1,vulkán,NOUN
1,vulkánmód,NOUN
1,vörös,NOUN
1,vörösmozdony,NOUN
1,vonattető,NOUN
1,vonatfütty,NOUN
1,vonás,NOUN
1,volna,NOUN
1,volga,NOUN
1,vőlegény,NOUN
1,vödröstül,NOUN
1,vödör,NOUN
1,vizsga,NOUN
1,vízözön,NOUN
1,viz,NOUN
1,vizi-világ,NOUN
1,vízi-óriás,NOUN
1,vizi-gödör,NOUN
1,vízesés,NOUN
1,vizcsepp,NOUN
1,vízár,NOUN
1,vitriol,NOUN
1,vitrin,NOUN
1,visz,NOUN
1,visszfény,NOUN
1,visszája,NOUN
1,viselő,NOUN
1,violamező,NOUN
1,violaker,NOUN
1,vinnyogás,NOUN
1,vilmos,NOUN
1,villó,NOUN
1,villanylámpa,NOUN
1,villanyfény,NOUN
1,villámszivét,NOUN
1,villamosság,NOUN
1,villámkutya,NOUN
1,világrecsegés,NOUN
1,világizzás,NOUN
1,viheder,NOUN
1,viharszellő,NOUN
1,vigadás,NOUN
1,viasz,NOUN
1,vezérgálya,NOUN
1,vét,NOUN
1,vétek,NOUN
1,vesztes,NOUN
1,veszte,NOUN
1,vessző,NOUN
1,vértrón,NOUN
1,vértócsa,NOUN
1,vert,NOUN
1,vérszag,NOUN
1,verseny,NOUN
1,Vér-rózsa,NOUN
1,verőfény,NOUN
1,vérkör,NOUN
1,vérkereszt,NOUN
1,veritékü,NOUN
1,veritékün,NOUN
1,veriték,NOUN
1,véri,NOUN
1,vérér,NOUN
1,verem,NOUN
1,Verejték-vér,NOUN
1,veregetés,NOUN
1,vércse,NOUN
1,vénség,NOUN
1,véngonosz,NOUN
1,vénasszony,NOUN
1,vekker,NOUN
1,végső,NOUN
1,végnap,NOUN
1,végkép,NOUN
1,véginség,NOUN
1,végeredmény,NOUN
1,védelem,NOUN
1,vata,NOUN
1,vászonruha,NOUN
1,vászon,NOUN
1,vászonfény,NOUN
1,vásznu,NOUN
1,vász,NOUN
1,vasút,NOUN
1,vastető,NOUN
1,vastaliga,NOUN
1,vas-szó,NOUN
1,vasszilánk,NOUN
1,vasöntő,NOUN
1,vasököl,NOUN
1,vasmarok,NOUN
1,vasladik,NOUN
1,vasköröm,NOUN
1,vaskorlát,NOUN
1,vaskarma,NOUN
1,vaskapu,NOUN
1,vashit,NOUN
1,vashatos,NOUN
1,vasgyűrű,NOUN
1,vasfazék,NOUN
1,vasdorong,NOUN
1,vasdarab,NOUN
1,vasbánya,NOUN
1,vásártér,NOUN
1,vásár,NOUN
1,vásárcsarnok,NOUN
1,vasaló,NOUN
1,vasalás,NOUN
1,vaságy,NOUN
1,vártok,NOUN
1,varrás,NOUN
1,városszél,NOUN
1,var,NOUN
1,varju-horda,NOUN
1,varjucsapat,NOUN
1,varjas,NOUN
1,varga,NOUN
1,varázslat,NOUN
1,varasbéka,NOUN
1,varangy,NOUN
1,várakozás,NOUN
1,vánkos,NOUN
1,vályú,NOUN
1,vályogkalyiba,NOUN
1,változ,NOUN
1,változás,NOUN
1,vál,NOUN
1,valló,NOUN
1,vallás,NOUN
1,valami,NOUN
1,váladék,NOUN
1,vakvágány,NOUN
1,vakság,NOUN
1,vakondok,NOUN
1,vakond,NOUN
1,vakhit,NOUN
1,vaj,NOUN
1,vajjon,NOUN
1,vainc,NOUN
1,vágy-sakálsereg,NOUN
1,vágyi,NOUN
1,vágyhegylánc,NOUN
1,vágyás,NOUN
1,vagón,NOUN
1,vagon,NOUN
1,vágány,NOUN
1,vagány,NOUN
1,vadrózsa,NOUN
1,vadon,NOUN
1,vadnyom,NOUN
1,vadmadár,NOUN
1,vadlúd,NOUN
1,vadló,NOUN
1,vadkács,NOUN
1,vadezüst,NOUN
1,vadbika,NOUN
1,vadász,NOUN
1,vadállat,NOUN
1,vackorfa,NOUN
1,uzsora,NOUN
1,üvöltés,NOUN
1,üvegtál,NOUN
1,üvegszem,NOUN
1,üveghegy,NOUN
1,üveggolyó,NOUN
1,üvegcserép,NOUN
1,úttest,NOUN
1,utókor,NOUN
1,utód,NOUN
1,ütközés,NOUN
1,utju,NOUN
1,útamon,NOUN
1,útálom,NOUN
1,usztam,NOUN
1,üszök,NOUN
1,uszító,NOUN
1,uszitó,NOUN
1,ustor,NOUN
1,üstökösláng,NOUN
1,üstök,NOUN
1,usszál,NOUN
1,úrvezető,NOUN
1,ürülék,NOUN
1,úrnő,NOUN
1,úr-kastély,NOUN
1,úristen,NOUN
1,urfi,NOUN
1,uram,NOUN
1,untalan,NOUN
1,ünőszó,NOUN
1,Ünnep-naptár,NOUN
1,ünnepnap,NOUN
1,ünneplő,NOUN
1,ünneplés,NOUN
1,ülte,NOUN
1,ülőke,NOUN
1,ük,NOUN
1,újságpapiros,NOUN
1,ujságpapír,NOUN
1,újság,NOUN
1,ujonc,NOUN
1,ujjongás,NOUN
1,újév,NOUN
1,Ugys,NOUN
1,Ugy,NOUN
1,ügyeletes,NOUN
1,ugatás,NOUN
1,üdvösség,NOUN
1,üdv,NOUN
1,uccasarok,NOUN
1,uccakövező,NOUN
1,uborka,NOUN
1,tyúkszem,NOUN
1,tűzvész,NOUN
1,tüzvész,NOUN
1,tuz,NOUN
1,tűzkazal,NOUN
1,tüz-istenkorcs,NOUN
1,tűzfal,NOUN
1,tűzcsóva,NOUN
1,tüsszentés,NOUN
1,tuskó,NOUN
1,tuskódad,NOUN
1,tüskeszakállu,NOUN
1,tüske,NOUN
1,turbina,NOUN
1,tüntető,NOUN
1,tündöklés,NOUN
1,tündérmese,NOUN
1,túlpart,NOUN
1,tulipán,NOUN
1,tuli,NOUN
1,tulajdonos,NOUN
1,tulajdon,NOUN
1,tükörkép,NOUN
1,tudomás,NOUN
1,tüdőbaj,NOUN
1,tudja,NOUN
1,tücsök-zene,NOUN
1,tubus,NOUN
1,trón,NOUN
1,trombita,NOUN
1,trilla,NOUN
1,trikó,NOUN
1,tremens,NOUN
1,tréfa,NOUN
1,transzparens,NOUN
1,traktor,NOUN
1,trágyalé,NOUN
1,tövestül,NOUN
1,tótágas,NOUN
1,torzszülött,NOUN
1,torzsa,NOUN
1,toronyőr,NOUN
1,toronyóra,NOUN
1,török,NOUN
1,torokbul,NOUN
1,tőr,NOUN
1,torlasz,NOUN
1,törekvés,NOUN
1,topoghat,NOUN
1,topogás,NOUN
1,tönk,NOUN
1,tömegvonzás,NOUN
1,tömbmelle,NOUN
1,tolvaj,NOUN
1,töltőtoll,NOUN
1,tollas,NOUN
1,toklyótülök,NOUN
1,tökkáposzta,NOUN
1,tőgy,NOUN
1,tófenék,NOUN
1,toboz,NOUN
1,többi,NOUN
1,t,NOUN
1,tízórai,NOUN
1,titok-kilincs,NOUN
1,Titok-csúcs,NOUN
1,titán-gyerek,NOUN
1,tisztulás-özön,NOUN
1,tisztító,NOUN
1,tisztitom,NOUN
1,tiszta-érzés,NOUN
1,tisza,NOUN
1,tinta,NOUN
1,tik,NOUN
1,tettamanti,NOUN
1,tetőtől-talp,NOUN
1,tetem,NOUN
1,tészta,NOUN
1,testvérke,NOUN
1,testvériség,NOUN
1,testü,NOUN
1,tervező,NOUN
1,termőföld,NOUN
1,termesz,NOUN
1,természet,NOUN
1,termés,NOUN
1,térkép,NOUN
1,téritő,NOUN
1,teremtés,NOUN
1,terebély,NOUN
1,tera,NOUN
1,tepsi,NOUN
1,tengely,NOUN
1,tempó,NOUN
1,templomtorony,NOUN
1,templomorom,NOUN
1,templomajtó,NOUN
1,templomablak,NOUN
1,temetőkapu,NOUN
1,temetés,NOUN
1,Telt-mult,NOUN
1,téli,NOUN
1,télikabát,NOUN
1,telibendőjü,NOUN
1,téleste,NOUN
1,telér,NOUN
1,tele,NOUN
1,tekintet,NOUN
1,tekergő,NOUN
1,tejszín,NOUN
1,tejfog,NOUN
1,tehetség,NOUN
1,tehetlen,NOUN
1,teherpályaudvar,NOUN
1,teherkocsi,NOUN
1,tehénlepény,NOUN
1,tégy,NOUN
1,téglakock,NOUN
1,tbc,NOUN
1,taxi,NOUN
1,távolság,NOUN
1,tatár,NOUN
1,táska,NOUN
1,tárula,NOUN
1,tartozás,NOUN
1,tartalék,NOUN
1,társai,NOUN
1,tár,NOUN
1,tárna,NOUN
1,tarkó,NOUN
1,tárgy-egyén,NOUN
1,tárgyalás,NOUN
1,taréjját,NOUN
1,tara,NOUN
1,tapogató,NOUN
1,tapadás,NOUN
1,tanitvány,NOUN
1,tanítnak,NOUN
1,tangó,NOUN
1,táncosnő,NOUN
1,tamásné,NOUN
1,támadó,NOUN
1,talpfa,NOUN
1,talpa,NOUN
1,talizmán,NOUN
1,taliga,NOUN
1,talicska,NOUN
1,talentum,NOUN
1,talapzat,NOUN
1,t'aim,NOUN
1,tagadás,NOUN
1,szűzesség,NOUN
1,szutyok,NOUN
1,szurom,NOUN
1,szurok,NOUN
1,szürkeség,NOUN
1,szürke,NOUN
1,szunyog,NOUN
1,szú-mód,NOUN
1,szülőhús,NOUN
1,szülőcske,NOUN
1,szűl,NOUN
1,szüle,NOUN
1,szublimát,NOUN
1,sztrájk,NOUN
1,szövőnő,NOUN
1,szövőlány,NOUN
1,szövőgyár,NOUN
1,szovjet,NOUN
1,szövevény,NOUN
1,szöveg,NOUN
1,szösz-sötét,NOUN
1,szorongás,NOUN
1,szörnyüség,NOUN
1,szörnyülködő,NOUN
1,szörnyeteg,NOUN
1,szörny-állam,NOUN
1,szoritsz,NOUN
1,szónok,NOUN
1,szonett,NOUN
1,szonettkoszorú,NOUN
1,szomszédné,NOUN
1,szomszédasszony,NOUN
1,szomoruság,NOUN
1,szomoru,NOUN
1,szomjasztó,NOUN
1,szómalaszt,NOUN
1,szöllőhegy,NOUN
1,szöllej,NOUN
1,szólits,NOUN
1,szólitana,NOUN
1,szolgabíra,NOUN
1,szólané,NOUN
1,szökőkút,NOUN
1,szöglet,NOUN
1,szodoma,NOUN
1,szöcske,NOUN
1,szocializmus,NOUN
1,szobrász,NOUN
1,szobakonyha,NOUN
1,szobácska,NOUN
1,szmoking,NOUN
1,szívverés,NOUN
1,szívvel-kar,NOUN
1,szivük,NOUN
1,szivós,NOUN
1,szivér,NOUN
1,sziven,NOUN
1,szivembe,NOUN
1,szivedhez,NOUN
1,szivdobogás,NOUN
1,szivar,NOUN
1,szivarfüst,NOUN
1,szittyó,NOUN
1,szitok,NOUN
1,szirmocska,NOUN
1,szirma,NOUN
1,szirmai,NOUN
1,sziriusz,NOUN
1,szipoly,NOUN
1,Szinva-patak,NOUN
1,színü,NOUN
1,szi,NOUN
1,szin,NOUN
1,színház,NOUN
1,szinház,NOUN
1,sziné,NOUN
1,szilva,NOUN
1,szilaj,NOUN
1,szikrasine,NOUN
1,szikrádzik,NOUN
1,szik,NOUN
1,sziklamoraj,NOUN
1,sziklafal,NOUN
1,szikárló,NOUN
1,szíjj,NOUN
1,szijjas,NOUN
1,szíjjak,NOUN
1,szigor,NOUN
1,szigony,NOUN
1,szibéria,NOUN
1,széthuzunk,NOUN
1,szesz,NOUN
1,szerte-kör,NOUN
1,szeretsz,NOUN
1,szerelmei,NOUN
1,szerecseny,NOUN
1,szeptember,NOUN
1,szépségfa,NOUN
1,szépnek-jó,NOUN
1,szentségtörés,NOUN
1,szentély,NOUN
1,szénparázs,NOUN
1,szenny,NOUN
1,szennylepel,NOUN
1,szénné,NOUN
1,szender,NOUN
1,szende,NOUN
1,szénaszag,NOUN
1,szemöldök,NOUN
1,szemle,NOUN
1,szemfedő,NOUN
1,személy,NOUN
1,szemei,NOUN
1,szemegödör,NOUN
1,szélkiáltó,NOUN
1,szélkakas,NOUN
1,széli,NOUN
1,szeli,NOUN
1,szélhámos,NOUN
1,szelek,NOUN
1,szelecske,NOUN
1,szegényház,NOUN
1,szegényasszony,NOUN
1,szegély,NOUN
1,szédület,NOUN
1,szebb,NOUN
1,szebb-enyh,NOUN
1,százszám,NOUN
1,százláb,NOUN
1,százesztendő,NOUN
1,századhossz,NOUN
1,szava,NOUN
1,szatyor,NOUN
1,szatymaz,NOUN
1,szárnyas,NOUN
1,szárnyaska,NOUN
1,száritotta,NOUN
1,szárcsa,NOUN
1,száraz,NOUN
1,szárazlombu,NOUN
1,szárazföld,NOUN
1,szappangolyó,NOUN
1,szappanfőző,NOUN
1,szántás,NOUN
1,szánkó,NOUN
1,számszéli,NOUN
1,számpadlás,NOUN
1,szalmaszinü,NOUN
1,szalmakoszorú,NOUN
1,szálló-meder,NOUN
1,szálláscsináló,NOUN
1,szallago,NOUN
1,szallag,NOUN
1,szakszervezet,NOUN
1,szakértelem,NOUN
1,szakadék,NOUN
1,szájíz,NOUN
1,szabó,NOUN
1,szablya,NOUN
1,szabály,NOUN
1,szabadszállás,NOUN
1,szabad,NOUN
1,szabadits,NOUN
1,szabadidő,NOUN
1,süvölvény,NOUN
1,susogó,NOUN
1,sürű,NOUN
1,surranás,NOUN
1,sürgés,NOUN
1,sunyiság,NOUN
1,summás,NOUN
1,súly,NOUN
1,sült,NOUN
1,süket,NOUN
1,sujt,NOUN
1,suhanc,NOUN
1,sugárláb,NOUN
1,strázsa,NOUN
1,spiritusz,NOUN
1,spicli,NOUN
1,spenót,NOUN
1,spanyolhon,NOUN
1,spájz,NOUN
1,soványkodú,NOUN
1,sörény,NOUN
1,sorbaállás,NOUN
1,sokaság,NOUN
1,soha-soha,NOUN
1,sóhajtás,NOUN
1,sohajtás,NOUN
1,sohaj,NOUN
1,smaragd,NOUN
1,sívó,NOUN
1,sity,NOUN
1,sisak,NOUN
1,sírtáj,NOUN
1,síró,NOUN
1,siron,NOUN
1,sirok,NOUN
1,sírkő,NOUN
1,sirját,NOUN
1,sírirat,NOUN
1,sírdomb,NOUN
1,sirató,NOUN
1,sírás,NOUN
1,sipka,NOUN
1,símogatván,NOUN
1,símogatják,NOUN
1,simogatás,NOUN
1,simits,NOUN
1,símító,NOUN
1,sima,NOUN
1,silányka,NOUN
1,síkság,NOUN
1,sikon,NOUN
1,sikoltás,NOUN
1,síkló,NOUN
1,sikló,NOUN
1,sikkasztó,NOUN
1,siker,NOUN
1,Shaw,NOUN
1,setét,NOUN
1,seszinü,NOUN
1,sérv,NOUN
1,sertés-oldal,NOUN
1,serleg,NOUN
1,seprű,NOUN
1,seprő,NOUN
1,semmise,NOUN
1,semmikép,NOUN
1,semmicske,NOUN
1,selymes,NOUN
1,selyemüveg,NOUN
1,selyemszoknya,NOUN
1,selyempárna,NOUN
1,selyempapir,NOUN
1,selyemgyapa,NOUN
1,sejtelem,NOUN
1,segitség,NOUN
1,segély,NOUN
1,sátor,NOUN
1,sás,NOUN
1,sárteke,NOUN
1,sark,NOUN
1,sarkcsillag,NOUN
1,sarjadék,NOUN
1,sánta,NOUN
1,sanghaj,NOUN
1,sanda,NOUN
1,sálodú,NOUN
1,sala,NOUN
1,sajt,NOUN
1,sajtár,NOUN
1,saint,NOUN
1,sáfrány,NOUN
1,ruhástul,NOUN
1,rugjat,NOUN
1,rubinkő,NOUN
1,rozsvetés,NOUN
1,rozsda,NOUN
1,rózsaszin,NOUN
1,rózsák,NOUN
1,rózsabokor,NOUN
1,rövidke,NOUN
1,rothadás,NOUN
1,roskaszt,NOUN
1,röpülés,NOUN
1,röptü,NOUN
1,röpte,NOUN
1,röpcsi,NOUN
1,röntgenfény,NOUN
1,rontás,NOUN
1,rónaság,NOUN
1,róna,NOUN
1,rom,NOUN
1,rokkant,NOUN
1,röhej,NOUN
1,rohanó,NOUN
1,rohamkés,NOUN
1,robogás,NOUN
1,robbanás,NOUN
1,robbanás-alak,NOUN
1,rizs,NOUN
1,ring,NOUN
1,ringló,NOUN
1,ringatózás,NOUN
1,ringatódzás,NOUN
1,ringatás,NOUN
1,ringadoz,NOUN
1,rijját,NOUN
1,ricsaj,NOUN
1,riadó,NOUN
1,réz-orcáj,NOUN
1,réz-homlok,NOUN
1,réz-hajlás,NOUN
1,rézarc,NOUN
1,rézangyal,NOUN
1,révület,NOUN
1,révész,NOUN
1,rettegés,NOUN
1,réteg,NOUN
1,részvét,NOUN
1,reszketés,NOUN
1,reszketeg,NOUN
1,Részes-szalma,NOUN
1,rest,NOUN
1,repp,NOUN
1,répa,NOUN
1,répalevelek,NOUN
1,ren,NOUN
1,rendőrség,NOUN
1,reménytelenűl,NOUN
1,reménytelen,NOUN
1,remekmű,NOUN
1,reklám,NOUN
1,Rég-pogányossan,NOUN
1,rég-idő,NOUN
1,redőny,NOUN
1,recseg,NOUN
1,rebbentő,NOUN
1,rátüz,NOUN
1,rántás,NOUN
1,rang,NOUN
1,ráncom-redő,NOUN
1,rakodópart,NOUN
1,Rákóczi-árny,NOUN
1,rák,NOUN
1,rakéta,NOUN
1,rajz,NOUN
1,rajzás,NOUN
1,ragyogósdi,NOUN
1,rádium,NOUN
1,rádió,NOUN
1,rádióaktivitás,NOUN
1,rác,NOUN
1,rabmadaracska,NOUN
1,rabló,NOUN
1,puszti,NOUN
1,puskaszó,NOUN
1,puska,NOUN
1,púp,NOUN
1,pünkösd,NOUN
1,puli,NOUN
1,puha,NOUN
1,püffeteg,NOUN
1,pszichológia,NOUN
1,pszichoanalizis,NOUN
1,proletártestvér,NOUN
1,proletár-lúd,NOUN
1,préda,NOUN
1,pozsgás,NOUN
1,pózna,NOUN
1,portenger,NOUN
1,portéka,NOUN
1,porráomlás,NOUN
1,pör,NOUN
1,pörg,NOUN
1,porfelleg,NOUN
1,pőre,NOUN
1,ponyva,NOUN
1,ponty,NOUN
1,pongyola,NOUN
1,pondró,NOUN
1,pólus,NOUN
1,pokolvihar,NOUN
1,poklos,NOUN
1,pókháló,NOUN
1,point,NOUN
1,pogácsa,NOUN
1,pőcz,NOUN
1,pocak,NOUN
1,pleures-tu,NOUN
1,pléhtető,NOUN
1,plébánia,NOUN
1,plánéta,NOUN
1,piszkafa,NOUN
1,pisla,NOUN
1,piramis-bábel,NOUN
1,pipogya,NOUN
1,pipaszár,NOUN
1,pipafüst,NOUN
1,pipacsbúbor,NOUN
1,pipabagó,NOUN
1,pilótalét,NOUN
1,pillangó,NOUN
1,pilátus,NOUN
1,pikkelylik,NOUN
1,pihetoll,NOUN
1,pihenj,NOUN
1,pihenés,NOUN
1,piac,NOUN
1,pezsgő,NOUN
1,petróleum,NOUN
1,pestis,NOUN
1,persely,NOUN
1,pernye,NOUN
1,perg,NOUN
1,pénztárca,NOUN
1,pemszli,NOUN
1,pelenka-len,NOUN
1,példatár,NOUN
1,példa,NOUN
1,pecs,NOUN
1,pázsit,NOUN
1,patron,NOUN
1,patkánypuha,NOUN
1,pata,NOUN
1,patakvíz,NOUN
1,partszegély,NOUN
1,parókanép,NOUN
1,paripa,NOUN
1,parfőm,NOUN
1,pardon,NOUN
1,paraszttüdő,NOUN
1,parasztlegény,NOUN
1,parasztleány,NOUN
1,parasztlábai,NOUN
1,parasztkalács,NOUN
1,parasztharag,NOUN
1,paprikaujj,NOUN
1,paprika,NOUN
1,papírhalom,NOUN
1,papírbarom,NOUN
1,papa,NOUN
1,Papagáj-hajnal,NOUN
1,panza,NOUN
1,pántlika,NOUN
1,pá,NOUN
1,pamutpapucs,NOUN
1,pamutlomb,NOUN
1,pamutfonál,NOUN
1,pálya,NOUN
1,pál,NOUN
1,pálné,NOUN
1,pálmaház,NOUN
1,Pálmaág-fark,NOUN
1,pallós,NOUN
1,palló,NOUN
1,pálinkáspohár,NOUN
1,pálca,NOUN
1,pala,NOUN
1,pakli,NOUN
1,pajta,NOUN
1,paizs,NOUN
1,páholy,NOUN
1,özön,NOUN
1,őz,NOUN
1,őzike,NOUN
1,őzike-lépés,NOUN
1,övöm,NOUN
1,ótvar,NOUN
1,öszvér,NOUN
1,osztozás,NOUN
1,ösztövér,NOUN
1,osztály,NOUN
1,oszlop,NOUN
1,ószeres,NOUN
1,ösvényecske,NOUN
1,osvát,NOUN
1,ostoros,NOUN
1,összesség,NOUN
1,összebú,NOUN
1,összebujna,NOUN
1,őspogány,NOUN
1,őslélek,NOUN
1,ősapa,NOUN
1,ősállat,NOUN
1,Örvény-süveg,NOUN
1,őrült,NOUN
1,őrültház,NOUN
1,őrülés,NOUN
1,országút-irán,NOUN
1,országlás,NOUN
1,orsózaj,NOUN
1,Örök-zsibongó,NOUN
1,örökség,NOUN
1,örökről-örök,NOUN
1,örök-rend,NOUN
1,örök,NOUN
1,öröklét,NOUN
1,örökkévalóság,NOUN
1,örökkévaló,NOUN
1,örökéltü,NOUN
1,örökélet,NOUN
1,óriás-leány,NOUN
1,orgia,NOUN
1,öregapa,NOUN
1,ördögszekér,NOUN
1,ördögkép,NOUN
1,orditás,NOUN
1,óramű,NOUN
1,ópium,NOUN
1,önvér,NOUN
1,öntőműhely,NOUN
1,öntőforma,NOUN
1,önnönmaga,NOUN
1,öngyilkosság,NOUN
1,olvasztó,NOUN
1,olvadozás,NOUN
1,öltözék,NOUN
1,oltárkép,NOUN
1,oltalom,NOUN
1,ólom-öklü,NOUN
1,ólom,NOUN
1,ölem,NOUN
1,öledhez,NOUN
1,öleden,NOUN
1,öleb,NOUN
1,olajcsöpp,NOUN
1,oláhország,NOUN
1,oktató,NOUN
1,okos,NOUN
1,okmány,NOUN
1,óhaj,NOUN
1,odu,NOUN
1,odasujtsz,NOUN
1,öcs,NOUN
1,öccs,NOUN
1,nyuszt,NOUN
1,nyujtózkodó,NOUN
1,nyújtózás,NOUN
1,nyugvás,NOUN
1,nyugtot,NOUN
1,nyugalmu,NOUN
1,nyoszolya,NOUN
1,nyomdok,NOUN
1,nyomás,NOUN
1,nyögés,NOUN
1,nyirok,NOUN
1,nyír,NOUN
1,nyirfa,NOUN
1,nyíl,NOUN
1,nyílnivaló,NOUN
1,nyest,NOUN
1,nyereg,NOUN
1,nyelvtan,NOUN
1,nyavalyás,NOUN
1,nyavalya,NOUN
1,nyárs,NOUN
1,nyaláb,NOUN
1,nyakkendő,NOUN
1,nyáj-nyögés,NOUN
1,növésü,NOUN
1,nővér,NOUN
1,növényzet,NOUN
1,növekvő,NOUN
1,notre,NOUN
1,nótás,NOUN
1,nől,NOUN
1,noé,NOUN
1,n',NOUN
1,nincs,NOUN
1,nincs-fenék,NOUN
1,nevetség,NOUN
1,nevető,NOUN
1,népliget,NOUN
1,nemzedék,NOUN
1,nem-törődömség,NOUN
1,nemlátott,NOUN
1,némber,NOUN
1,néma,NOUN
1,nem-akarás,NOUN
1,nekűl,NOUN
1,neki-keserülés,NOUN
1,neki-fohászkodás,NOUN
1,negyvenévesedi,NOUN
1,négylábú,NOUN
1,nefelejcs,NOUN
1,naszád,NOUN
1,nárcisz,NOUN
1,narancshéj,NOUN
1,napvirág,NOUN
1,naptár,NOUN
1,napsziv,NOUN
1,napszám-pengő,NOUN
1,napsütés,NOUN
1,naplemente,NOUN
1,napkelte,NOUN
1,napernyő,NOUN
1,na,NOUN
1,nagyujj,NOUN
1,nagyszerűség,NOUN
1,nagy-sanyaru,NOUN
1,nagykabát,NOUN
1,nagy-gyerek,NOUN
1,nagybetű,NOUN
1,nagyatya,NOUN
1,nád-láb,NOUN
1,nádas,NOUN
1,muzsikás,NOUN
1,muzsika,NOUN
1,múzeum,NOUN
1,muzeum,NOUN
1,műterem,NOUN
1,műszer,NOUN
1,muszáj,NOUN
1,must,NOUN
1,munkátalan,NOUN
1,munkásváll,NOUN
1,munkástanács,NOUN
1,munkásember,NOUN
1,munkaruha,NOUN
1,munkahely,NOUN
1,multra-jövő,NOUN
1,múlt,NOUN
1,muli,NOUN
1,mulandóság,NOUN
1,működés,NOUN
1,muhar,NOUN
1,muharmező,NOUN
1,mozgalom,NOUN
1,mozdulás,NOUN
1,mótor,NOUN
1,motoraida,NOUN
1,moszat,NOUN
1,mosolyvirág,NOUN
1,mosolyg,NOUN
1,mosogatótál,NOUN
1,mosdóvíz,NOUN
1,móricz,NOUN
1,mon,NOUN
1,moly,NOUN
1,molekula,NOUN
1,mocsárkodó,NOUN
1,minta,NOUN
1,mind,NOUN
1,minden,NOUN
1,mindakett,NOUN
1,mifene,NOUN
1,miért-varjak,NOUN
1,michel,NOUN
1,meteor,NOUN
1,mész,NOUN
1,meszelő,NOUN
1,mesterszonett,NOUN
1,mesterség,NOUN
1,mester,NOUN
1,messz,NOUN
1,mesét,NOUN
1,mérték,NOUN
1,mérnök,NOUN
1,mérleg,NOUN
1,merits,NOUN
1,mérhetlen,NOUN
1,mérföld,NOUN
1,mere,NOUN
1,merengő,NOUN
1,méregfog,NOUN
1,meredek,NOUN
1,meny,NOUN
1,menthetlen,NOUN
1,mennykő,NOUN
1,mennyég,NOUN
1,mén,NOUN
1,menhely,NOUN
1,menet,NOUN
1,ménes,NOUN
1,menekvés,NOUN
1,mélyvizü,NOUN
1,mélyhegedű,NOUN
1,méltóság,NOUN
1,méltó-nagy,NOUN
1,mellett,NOUN
1,mellékudvar,NOUN
1,mellékdal,NOUN
1,melegség,NOUN
1,Méhike-zü,NOUN
1,méhes,NOUN
1,megteri,NOUN
1,megszólítla,NOUN
1,megromlás,NOUN
1,megrikass,NOUN
1,meg-megrebbentik,NOUN
1,meglepetés,NOUN
1,meglapúlt,NOUN
1,megjel,NOUN
1,meghínak,NOUN
1,meggy,NOUN
1,meggyfa,NOUN
1,meggybefőtt,NOUN
1,megenyhülés,NOUN
1,megenné,NOUN
1,megbánás,NOUN
1,meduza,NOUN
1,meddő,NOUN
1,medália,NOUN
1,mécs,NOUN
1,mázsa,NOUN
1,máz,NOUN
1,maszk,NOUN
1,másodperc,NOUN
1,más,NOUN
1,másnak-nyíló,NOUN
1,márványszobor,NOUN
1,márványkő,NOUN
1,maros,NOUN
1,maró,NOUN
1,marna,NOUN
1,Már-máron,NOUN
1,markos,NOUN
1,mária,NOUN
1,marha,NOUN
1,margaréta,NOUN
1,márc,NOUN
1,marci,NOUN
1,maraszt,NOUN
1,maradék,NOUN
1,mankó,NOUN
1,mandarin,NOUN
1,mámorszin,NOUN
1,mammon,NOUN
1,malter,NOUN
1,málnatő,NOUN
1,máll,NOUN
1,málha,NOUN
1,malaszt,NOUN
1,malacvilágosság,NOUN
1,malacka,NOUN
1,major,NOUN
1,magzat,NOUN
1,máglyarózsa,NOUN
1,magányosság,NOUN
1,magányos,NOUN
1,magam,NOUN
1,Madonna-lélek,NOUN
1,madárhegy,NOUN
1,madarabb,NOUN
1,madame,NOUN
1,lyány,NOUN
1,lüktetés,NOUN
1,lukszusvonat,NOUN
1,luka,NOUN
1,lúg,NOUN
1,lugas,NOUN
1,lúd,NOUN
1,lucie,NOUN
1,lövészárok,NOUN
1,lovas,NOUN
1,lovagkor,NOUN
1,lom,NOUN
1,lomhaság,NOUN
1,lombzene,NOUN
1,lökés,NOUN
1,lóhús,NOUN
1,logika,NOUN
1,lódi,NOUN
1,locspocs-fény,NOUN
1,lóca,NOUN
1,lőárok,NOUN
1,l',NOUN
1,liter,NOUN
1,litánia,NOUN
1,lim-lom,NOUN
1,liliomszó,NOUN
1,lila,NOUN
1,lihegés,NOUN
1,liget,NOUN
1,libegés,NOUN
1,libbentő,NOUN
1,libasor,NOUN
1,liba,NOUN
1,levethesz,NOUN
1,leveske,NOUN
1,levélrés,NOUN
1,levélke,NOUN
1,levelecske,NOUN
1,levegőváltozás,NOUN
1,levegő-lepke,NOUN
1,Lesz,NOUN
1,lesz,NOUN
1,lest,NOUN
1,leskő,NOUN
1,lesi-csősz,NOUN
1,lépte,NOUN
1,lép,NOUN
1,lepkeszárny,NOUN
1,lepke,NOUN
1,leperg,NOUN
1,lepel,NOUN
1,lepedő,NOUN
1,lépcsőház,NOUN
1,lépcs,NOUN
1,lenyul,NOUN
1,lényeg,NOUN
1,leng,NOUN
1,lengésü,NOUN
1,lendkerék,NOUN
1,lelt,NOUN
1,lelenc,NOUN
1,lélekzet,NOUN
1,lélek-magasság,NOUN
1,lélek-fagy,NOUN
1,lekvár,NOUN
1,lejtés,NOUN
1,lej,NOUN
1,lehü,NOUN
1,lehelletük,NOUN
1,lehellete,NOUN
1,léghuzat,NOUN
1,legényi,NOUN
1,legenda,NOUN
1,legelő,NOUN
1,legal,NOUN
1,léckerités,NOUN
1,lecke,NOUN
1,lebú,NOUN
1,leányszem,NOUN
1,leaggathadd,NOUN
1,lazac,NOUN
1,lavina,NOUN
1,látta,NOUN
1,látó,NOUN
1,látomás,NOUN
1,láthatatlan,NOUN
1,lassú,NOUN
1,lassúdan,NOUN
1,lárma,NOUN
1,lapocka,NOUN
1,láp,NOUN
1,lap,NOUN
1,lapát,NOUN
1,lányszem,NOUN
1,lány-duzzogás,NOUN
1,lánya-ivadék,NOUN
1,la,NOUN
1,lángszőr,NOUN
1,lángész,NOUN
1,lámpaolaj,NOUN
1,lámpaláz,NOUN
1,Lám-la,NOUN
1,lakzi,NOUN
1,lakós,NOUN
1,lakó,NOUN
1,lakodalom,NOUN
1,lajtorja,NOUN
1,lágyság,NOUN
1,ladik,NOUN
1,lábujj,NOUN
1,lábtörlőképpen,NOUN
1,lábod,NOUN
1,lábaska,NOUN
1,lába,NOUN
1,kűz,NOUN
1,küzdtünk,NOUN
1,kuvasz,NOUN
1,kuty,NOUN
1,kusz,NOUN
1,kurjantás,NOUN
1,kupola,NOUN
1,kupac,NOUN
1,kún,NOUN
1,kultúr,NOUN
1,kulcs,NOUN
1,kulacs,NOUN
1,kukoricatábla,NOUN
1,kukoricaföld,NOUN
1,kukoricacső,NOUN
1,kuka,NOUN
1,kujtorogó,NOUN
1,kudarc,NOUN
1,kubikos,NOUN
1,krumpliföld,NOUN
1,kritika,NOUN
1,krisztushabarcs,NOUN
1,kristályvér,NOUN
1,kripta,NOUN
1,krajcár,NOUN
1,közvagyon,NOUN
1,közület,NOUN
1,köznap,NOUN
1,köze,NOUN
1,közben-köz,NOUN
1,kövér,NOUN
1,kövérfürtü,NOUN
1,kovász,NOUN
1,kova,NOUN
1,kovályog,NOUN
1,kötnek,NOUN
1,kőtest,NOUN
1,kötés,NOUN
1,kötényke,NOUN
1,köteg,NOUN
1,kosztolányi,NOUN
1,köszörű,NOUN
1,köszörűlik,NOUN
1,kőszén,NOUN
1,körülkóvályogják,NOUN
1,korty,NOUN
1,korsó,NOUN
1,kórság,NOUN
1,korong,NOUN
1,korok,NOUN
1,korog,NOUN
1,kór,NOUN
1,körmös,NOUN
1,korhadó,NOUN
1,korcs,NOUN
1,korcsmáros,NOUN
1,korcsmárosné,NOUN
1,korallszirt,NOUN
1,kőrakás,NOUN
1,koporsó,NOUN
1,koponya,NOUN
1,kopog,NOUN
1,kopjás,NOUN
1,köpés,NOUN
1,köpeny,NOUN
1,kopasz,NOUN
1,könyvügynök,NOUN
1,könyvállvány,NOUN
1,könyű,NOUN
1,konyhaszék,NOUN
1,konyhaajtó,NOUN
1,konyak,NOUN
1,könnyűség,NOUN
1,könnyű,NOUN
1,könnypocsolya,NOUN
1,kongó,NOUN
1,kong,NOUN
1,kondás,NOUN
1,kőműves,NOUN
1,komorság,NOUN
1,komorló,NOUN
1,komolyság,NOUN
1,kommunizmus,NOUN
1,komisz,NOUN
1,kométa,NOUN
1,kölyökség,NOUN
1,kölyökkor,NOUN
1,költészet,NOUN
1,kolozsvár,NOUN
1,kolonc,NOUN
1,kölök,NOUN
1,kolibri,NOUN
1,köles,NOUN
1,kolera,NOUN
1,koldusszegény,NOUN
1,Koldús-fekély,NOUN
1,kolduscsont,NOUN
1,köldök,NOUN
1,kölcsön,NOUN
1,kókkadó,NOUN
1,kőkastély,NOUN
1,kohó,NOUN
1,köhögés,NOUN
1,kőház,NOUN
1,kőfej,NOUN
1,kofa,NOUN
1,köd-öl,NOUN
1,ködmen,NOUN
1,ködgyűrű,NOUN
1,ködgomoly,NOUN
1,kocsiút,NOUN
1,kóbor,NOUN
1,klikk,NOUN
1,kivilágitják,NOUN
1,kivántok,NOUN
1,kívánság,NOUN
1,kivánság,NOUN
1,kivánla,NOUN
1,kíváncsi,NOUN
1,Kiűlök,NOUN
1,kisznike,NOUN
1,kisímult,NOUN
1,kisfiu,NOUN
1,kísértet,NOUN
1,kisasszony,NOUN
1,kiránduló,NOUN
1,királylány,NOUN
1,királyfi,NOUN
1,kirakat-üvege-idő,NOUN
1,kios,NOUN
1,kinyil,NOUN
1,kinek-ki,NOUN
1,kincstár,NOUN
1,kincse,NOUN
1,kincsem,NOUN
1,kilóméter,NOUN
1,kilincs,NOUN
1,kiki,NOUN
1,kihajitnak,NOUN
1,kifogyta,NOUN
1,kicsiny,NOUN
1,kicsinyke,NOUN
1,kibú,NOUN
1,kh,NOUN
1,keztyű,NOUN
1,kézrebbentő,NOUN
1,kezem-láb,NOUN
1,kéve,NOUN
1,kevély,NOUN
1,kétségbeesés,NOUN
1,kétkedő,NOUN
1,kész,NOUN
1,keszkenő,NOUN
1,keszeg,NOUN
1,késő,NOUN
1,késnyél,NOUN
1,kés-idő,NOUN
1,keserűségvulkán,NOUN
1,keserű,NOUN
1,kesere,NOUN
1,kése,NOUN
1,keselyű,NOUN
1,kertésszen,NOUN
1,kerités,NOUN
1,kerevet,NOUN
1,keret,NOUN
1,kereső,NOUN
1,kereplő,NOUN
1,kéreg,NOUN
1,képzet,NOUN
1,képesség,NOUN
1,kényszerith,NOUN
1,kenyértészta,NOUN
1,kenyérke,NOUN
1,kenyérfa,NOUN
1,Kenyér-anyó,NOUN
1,kendőcske,NOUN
1,kend,NOUN
1,kenderkötél,NOUN
1,kelme,NOUN
1,keksz,NOUN
1,kékszemü,NOUN
1,kékítő,NOUN
1,kéjenc,NOUN
1,kehely,NOUN
1,kegy,NOUN
1,kegyelmes,NOUN
1,kedvü,NOUN
1,kebelem,NOUN
1,kazamata,NOUN
1,kávészag,NOUN
1,kátrányfolyam,NOUN
1,kata,NOUN
1,kaszáló,NOUN
1,kaszáj,NOUN
1,kastélyablak,NOUN
1,kas,NOUN
1,karvalyszárny,NOUN
1,karunk-far,NOUN
1,kártyavár,NOUN
1,kartoték-adat,NOUN
1,kart-kerek,NOUN
1,kartelek,NOUN
1,karszt,NOUN
1,kárpát,NOUN
1,karikás,NOUN
1,kardvas,NOUN
1,kardhegy,NOUN
1,kardal,NOUN
1,karát,NOUN
1,kárász,NOUN
1,kapszli,NOUN
1,káprázat,NOUN
1,káposztalevél,NOUN
1,kapitány,NOUN
1,kapitalizmus,NOUN
1,kaparó,NOUN
1,kanyarodó,NOUN
1,kánya,NOUN
1,kantár,NOUN
1,kanóc,NOUN
1,kan,NOUN
1,kanca,NOUN
1,kanász,NOUN
1,kanál,NOUN
1,kanális,NOUN
1,kamat,NOUN
1,kamasz,NOUN
1,kalitka,NOUN
1,kakuk,NOUN
1,kak,NOUN
1,káka,NOUN
1,kain,NOUN
1,kagyló,NOUN
1,kádacska,NOUN
1,kacsókbul,NOUN
1,kacér,NOUN
1,kacaj,NOUN
1,kábel,NOUN
1,kabbala,NOUN
1,jutka,NOUN
1,juss,NOUN
1,jún,NOUN
1,juhocska,NOUN
1,juharfa,NOUN
1,jövevény,NOUN
1,jótanács,NOUN
1,jószerencse,NOUN
1,jószándoka,NOUN
1,jószándék,NOUN
1,jössz,NOUN
1,jóság-festék,NOUN
1,jola,NOUN
1,jóíz,NOUN
1,jóisten,NOUN
1,jóhír,NOUN
1,joghurt,NOUN
1,jogállam,NOUN
1,jóérzés,NOUN
1,jobbágy,NOUN
1,jóbarát,NOUN
1,jézuska,NOUN
1,Jerichó,NOUN
1,Jerichó-fal,NOUN
1,jérce,NOUN
1,jelszó,NOUN
1,jelmez,NOUN
1,jellem,NOUN
1,jelenség,NOUN
1,jelek,NOUN
1,jehova,NOUN
1,jégzivatar,NOUN
1,jégvihar,NOUN
1,jégverem,NOUN
1,jégtömb,NOUN
1,jégtábla,NOUN
1,jégpálya,NOUN
1,jéglap,NOUN
1,jeanette,NOUN
1,jázmin,NOUN
1,játsztok,NOUN
1,Játszót-játszó,NOUN
1,jáspis,NOUN
1,jáspiskorona,NOUN
1,járkálás,NOUN
1,járás,NOUN
1,jan,NOUN
1,jambus,NOUN
1,jámbor,NOUN
1,jaj-mező,NOUN
1,jácintporzó,NOUN
1,ízzel-gőz,NOUN
1,izzadság,NOUN
1,izog,NOUN
1,izmai,NOUN
1,iziben,NOUN
1,izen,NOUN
1,ivóvíz,NOUN
1,ítélet,NOUN
1,itatóspapír,NOUN
1,iszonyu,NOUN
1,istenúr,NOUN
1,istentelenség,NOUN
1,istentelen,NOUN
1,istenpor,NOUN
1,istenpálinka,NOUN
1,istenoltár,NOUN
1,istennő,NOUN
1,istenkáromlás,NOUN
1,istenjárás,NOUN
1,istenhozzád,NOUN
1,istenfia,NOUN
1,istendarabka,NOUN
1,istenasszony,NOUN
1,istenajak,NOUN
1,ismeretlen,NOUN
1,irun,NOUN
1,író,NOUN
1,íródiák,NOUN
1,ír,NOUN
1,ir,NOUN
1,irka,NOUN
1,irgalmas,NOUN
1,irat,NOUN
1,írásjel,NOUN
1,iramlás,NOUN
1,íny,NOUN
1,intelem,NOUN
1,inség,NOUN
1,Innen,NOUN
1,ingujj,NOUN
1,ingovány,NOUN
1,inga,NOUN
1,indi,NOUN
1,immenses,NOUN
1,imádság,NOUN
1,illeteg,NOUN
1,illemhely,NOUN
1,illatszimfónia,NOUN
1,illatozó,NOUN
1,illa,NOUN
1,illanás,NOUN
1,ikertestvér,NOUN
1,iker,NOUN
1,ij,NOUN
1,ijj,NOUN
1,ihaj,NOUN
1,igehozó,NOUN
1,igahúzó,NOUN
1,ifiakban,NOUN
1,időtlenség,NOUN
1,idom,NOUN
1,idegnyugtató,NOUN
1,idegenség,NOUN
1,hymnus,NOUN
1,huzat,NOUN
1,hűvös,NOUN
1,hüvely,NOUN
1,hust,NOUN
1,husoto,NOUN
1,hűs,NOUN
1,hus,NOUN
1,husleves,NOUN
1,hűsitő,NOUN
1,husá,NOUN
1,hunyor,NOUN
1,humusz,NOUN
1,hümmög,NOUN
1,hüllő,NOUN
1,hullás,NOUN
1,hulla-rög,NOUN
1,hullámhossz,NOUN
1,hullafolt,NOUN
1,hulladék,NOUN
1,hugo,NOUN
1,hozzámvaló,NOUN
1,hozsan,NOUN
1,hószin,NOUN
1,hősiség,NOUN
1,horog,NOUN
1,horizont,NOUN
1,horger,NOUN
1,hörcsöghad,NOUN
1,hópihe,NOUN
1,hópehely,NOUN
1,hont,NOUN
1,honfoglaló,NOUN
1,honfiú,NOUN
1,honatya,NOUN
1,homoksivatag,NOUN
1,homokbánya,NOUN
1,hőmérséklet,NOUN
1,homályu,NOUN
1,hólyag,NOUN
1,holttetem,NOUN
1,holta,NOUN
1,hollónép,NOUN
1,hölgy,NOUN
1,hold-világ,NOUN
1,holdfény,NOUN
1,holdfény-mámor,NOUN
1,hóhányó,NOUN
1,hoch,NOUN
1,hízó,NOUN
1,híves,NOUN
1,hivatás,NOUN
1,hiuság,NOUN
1,hitel,NOUN
1,hiszt,NOUN
1,hirlap,NOUN
1,hirdetőoszlop,NOUN
1,hirdetmény,NOUN
1,hipphopp,NOUN
1,hintó,NOUN
1,hintázás,NOUN
1,hím,NOUN
1,Hijj,NOUN
1,Hihetsz,NOUN
1,hihetsz,NOUN
1,higyjem,NOUN
1,hiéna,NOUN
1,hiba,NOUN
1,hévség,NOUN
1,hever,NOUN
1,hétszáj,NOUN
1,hétnapravaló,NOUN
1,hétfő,NOUN
1,hering,NOUN
1,hentes,NOUN
1,hé,NOUN
1,helyzet,NOUN
1,hektor,NOUN
1,hékás,NOUN
1,héjj,NOUN
1,héjjastul,NOUN
1,heil,NOUN
1,hegyvidék,NOUN
1,hegyorom,NOUN
1,hegyibeszéd,NOUN
1,hegye,NOUN
1,hazugság-felhő,NOUN
1,háztömb,NOUN
1,házőrző,NOUN
1,házmester,NOUN
1,háziúr,NOUN
1,háziur,NOUN
1,házhely,NOUN
1,házfal,NOUN
1,házacska,NOUN
1,havas,NOUN
1,hatvany,NOUN
1,hattyú,NOUN
1,határkő,NOUN
1,hasika,NOUN
1,hasadék,NOUN
1,hasáb,NOUN
1,hasábfa,NOUN
1,harmónia,NOUN
1,harmatos-zöld,NOUN
1,harmat-láb,NOUN
1,harmadnap,NOUN
1,harkály,NOUN
1,harisnya,NOUN
1,harctér,NOUN
1,harapás,NOUN
1,harangkondulás,NOUN
1,haramia,NOUN
1,haragvás,NOUN
1,hány,NOUN
1,hányás,NOUN
1,hangvilla,NOUN
1,hamuszín,NOUN
1,hályog,NOUN
1,halott-sovár,NOUN
1,haló,NOUN
1,Hálóbb-szem,NOUN
1,halmaz,NOUN
1,hallomás,NOUN
1,hallgatás,NOUN
1,hallelu,NOUN
1,halk,NOUN
1,hálisten,NOUN
1,halhatatlanúl,NOUN
1,haldokló,NOUN
1,halász,NOUN
1,halászember,NOUN
1,hála,NOUN
1,halálfélelem,NOUN
1,halacska,NOUN
1,hajts,NOUN
1,hajósinas,NOUN
1,hajórakó,NOUN
1,hajnal-nyelv,NOUN
1,hajnalég,NOUN
1,hajnalbíbor,NOUN
1,hajlós-szál,NOUN
1,hajlongás,NOUN
1,hajit,NOUN
1,hajaszála,NOUN
1,hajadon,NOUN
1,hadviselés,NOUN
1,hadonász,NOUN
1,haditengerész,NOUN
1,hadirend,NOUN
1,hadak,NOUN
1,háborúság,NOUN
1,Gyűlölség-zuzató,NOUN
1,gyűlölet-köd,NOUN
1,gyülekező,NOUN
1,gyülekezet,NOUN
1,gyula,NOUN
1,gyújtnak,NOUN
1,győző,NOUN
1,győzés,NOUN
1,győzedelem,NOUN
1,gyötrelem,NOUN
1,gyorsvonat,NOUN
1,gyöp,NOUN
1,gyönyörüség,NOUN
1,gyöngyvirág,NOUN
1,gyöngyszó,NOUN
1,gyöngyszilánk,NOUN
1,gyöngysor,NOUN
1,gyöngyöm-bogár,NOUN
1,gyomocska,NOUN
1,gyolcs,NOUN
1,gyök,NOUN
1,gyöker,NOUN
1,gyökerecske,NOUN
1,gyökere-ág,NOUN
1,gyógyszertár,NOUN
1,gyógynövény,NOUN
1,gyógybor,NOUN
1,gyilok,NOUN
1,gyik,NOUN
1,gyermek-test,NOUN
1,gyerektor,NOUN
1,gyerekszem,NOUN
1,gyerekszáj,NOUN
1,gyereklélek,NOUN
1,gyerekjáték,NOUN
1,gyepü,NOUN
1,gyémánt-melle-vonal,NOUN
1,gyémántlevegő,NOUN
1,gyémánthida,NOUN
1,gyékény,NOUN
1,gyásznép,NOUN
1,gyászló,NOUN
1,gyászkoszorú,NOUN
1,gyászfátyol,NOUN
1,gyárudvar,NOUN
1,gyarmat,NOUN
1,gyárkémény,NOUN
1,gyáripar,NOUN
1,gyárfüst,NOUN
1,gyárbörtön,NOUN
1,gyapjú,NOUN
1,gúnya,NOUN
1,gummiköpönyeg,NOUN
1,gulya,NOUN
1,gúla,NOUN
1,grófság,NOUN
1,grófkisasszony,NOUN
1,griffmadár,NOUN
1,gránithalom,NOUN
1,gránát,NOUN
1,gramm,NOUN
1,gőzös,NOUN
1,gőzlik,NOUN
1,görnyeszt,NOUN
1,gorgonzola-vers,NOUN
1,görgő,NOUN
1,görgeteg,NOUN
1,görbe,NOUN
1,gó,NOUN
1,gondtalanság,NOUN
1,gondolatjel,NOUN
1,gondolatfolyam,NOUN
1,gomdom,NOUN
1,gombostű,NOUN
1,gömbölyü,NOUN
1,gomb,NOUN
1,gomba,NOUN
1,gödörlakó,NOUN
1,glória,NOUN
1,Giz-gaz-szemét,NOUN
1,gizgaz,NOUN
1,giz-gaz,NOUN
1,gím,NOUN
1,gerezd,NOUN
1,gerenda,NOUN
1,gerely,NOUN
1,gépvezető,NOUN
1,gépváros,NOUN
1,géppuska,NOUN
1,gépfegyver,NOUN
1,gejzirlábu,NOUN
1,gejzirek,NOUN
1,gazság,NOUN
1,gázló,NOUN
1,gázláng,NOUN
1,garas,NOUN
1,gang,NOUN
1,gané,NOUN
1,gáncs,NOUN
1,gályahit,NOUN
1,gabona,NOUN
1,füző,NOUN
1,fuvalom,NOUN
1,fuvallat,NOUN
1,fütykös,NOUN
1,fütty,NOUN
1,futószallaga,NOUN
1,futószalag,NOUN
1,futó,NOUN
1,furulya,NOUN
1,fürtjiből,NOUN
1,fürj,NOUN
1,fürdő-strand,NOUN
1,furcsa,NOUN
1,fülönfüggő,NOUN
1,fülek,NOUN
1,fülei,NOUN
1,fujván,NOUN
1,fujt,NOUN
1,fujjunk,NOUN
1,függöny,NOUN
1,friss-nedv,NOUN
1,frászkarika,NOUN
1,frank,NOUN
1,frakk,NOUN
1,fövény,NOUN
1,foszló,NOUN
1,foszlány,NOUN
1,forral,NOUN
1,forradás,NOUN
1,forgószél,NOUN
1,forgó,NOUN
1,forgás,NOUN
1,forgács-fény,NOUN
1,forduló,NOUN
1,fordulásu,NOUN
1,fönnsík,NOUN
1,fonál,NOUN
1,fonal,NOUN
1,folyópart,NOUN
1,folyómeder,NOUN
1,föltámadás,NOUN
1,fölszabadulás,NOUN
1,fölös,NOUN
1,föllég,NOUN
1,föl-föl,NOUN
1,földszín,NOUN
1,földszag,NOUN
1,földrész,NOUN
1,földi,NOUN
1,földighajló,NOUN
1,földieper,NOUN
1,földgolyó,NOUN
1,földanya,NOUN
1,föladat,NOUN
1,főkötő,NOUN
1,főkönyv,NOUN
1,fóka,NOUN
1,fogó,NOUN
1,fogoly,NOUN
1,foglár,NOUN
1,foglalat,NOUN
1,fogaskerék,NOUN
1,fogacska,NOUN
1,fő-fő,NOUN
1,föd,NOUN
1,fődísz,NOUN
1,födi,NOUN
1,födel,NOUN
1,flaskó,NOUN
1,fizetés,NOUN
1,fiúka,NOUN
1,fiúgyerek,NOUN
1,fiúcska,NOUN
1,fióka,NOUN
1,fi,NOUN
1,fickó,NOUN
1,fickándó,NOUN
1,fiat,NOUN
1,fiatala,NOUN
1,feszültség,NOUN
1,fésű,NOUN
1,fésü,NOUN
1,fergetegje,NOUN
1,férfitárs,NOUN
1,férfi-szem,NOUN
1,férfiság,NOUN
1,férfikor,NOUN
1,férfierő,NOUN
1,férfibolygó,NOUN
1,férfiajk,NOUN
1,férc,NOUN
1,fényszál,NOUN
1,fénypor,NOUN
1,fenyőszag,NOUN
1,fenyő,NOUN
1,fénylélek,NOUN
1,fénykép,NOUN
1,fényjel,NOUN
1,fényfejő,NOUN
1,fényes,NOUN
1,fémkeblü,NOUN
1,fém-állam,NOUN
1,félut,NOUN
1,félteke,NOUN
1,félóra,NOUN
1,félmunka,NOUN
1,fellegszirom,NOUN
1,félláb,NOUN
1,félj,NOUN
1,felhőjáték,NOUN
1,felhőhegy,NOUN
1,félembermód,NOUN
1,felebarát,NOUN
1,félcipő,NOUN
1,félálomszerü,NOUN
1,félálom,NOUN
1,feküszöm,NOUN
1,feket,NOUN
1,fejszesuhanás,NOUN
1,fejsze,NOUN
1,fejkendő,NOUN
1,fejes,NOUN
1,fehér,NOUN
1,fehérnemű,NOUN
1,fegyház,NOUN
1,fegyenc,NOUN
1,fegyencmunka,NOUN
1,fegyenc-kor,NOUN
1,febr,NOUN
1,fázósság,NOUN
1,favágó,NOUN
1,fatutaj,NOUN
1,fattyú,NOUN
1,fatörzs,NOUN
1,farocska,NOUN
1,farkasverem,NOUN
1,farkasszem,NOUN
1,farka,NOUN
1,fáraó,NOUN
1,farakás,NOUN
1,fáradság,NOUN
1,fáradás,NOUN
1,falomb,NOUN
1,falk,NOUN
1,falióra,NOUN
1,faldarab,NOUN
1,falatkenyér,NOUN
1,faláb,NOUN
1,fáklya,NOUN
1,fakadás,NOUN
1,fajta,NOUN
1,fáj,NOUN
1,faháncs,NOUN
1,fagyosság,NOUN
1,faágy,NOUN
1,ezüstrongy,NOUN
1,except,NOUN
1,évszázad,NOUN
1,evoé,NOUN
1,evező,NOUN
1,európai,NOUN
1,étvágy,NOUN
1,étkü,NOUN
1,esztendőalvó,NOUN
1,eszmélet,NOUN
1,észak-sark,NOUN
1,estharmat,NOUN
1,esteóra,NOUN
1,ess,NOUN
1,esővert,NOUN
1,esküvés,NOUN
1,esernyő,NOUN
1,Érzed,NOUN
1,érv,NOUN
1,értetlenség,NOUN
1,értesítés,NOUN
1,erős,NOUN
1,eroplán,NOUN
1,erőd,NOUN
1,ernyő,NOUN
1,ernyedett,NOUN
1,ernő,NOUN
1,érett,NOUN
1,eresz,NOUN
1,erek,NOUN
1,eredet,NOUN
1,erdő-rengeteg,NOUN
1,erdők,NOUN
1,érchegység,NOUN
1,ércforma,NOUN
1,ércere,NOUN
1,építőkocka,NOUN
1,eper,NOUN
1,eperlevél,NOUN
1,enyhülés,NOUN
1,énszó,NOUN
1,én,NOUN
1,énekszó,NOUN
1,éneksüveg,NOUN
1,éneklő,NOUN
1,emli,NOUN
1,emlékpojáca,NOUN
1,emlékezet,NOUN
1,emlékcsillag,NOUN
1,emelet,NOUN
1,embertszülő,NOUN
1,embertelenség,NOUN
1,emberlajtorja,NOUN
1,emberke,NOUN
1,emberisten,NOUN
1,emberélet,NOUN
1,emberbolygó-lelek,NOUN
1,ember-árulás,NOUN
1,emberarc,NOUN
1,élv,NOUN
1,élvezet,NOUN
1,elvál,NOUN
1,előtüni,NOUN
1,élő,NOUN
1,előlről,NOUN
1,elnyomott,NOUN
1,el-nem-csüggedés,NOUN
1,elmult,NOUN
1,elmebaj,NOUN
1,ellentállás,NOUN
1,ellen,NOUN
1,eligazit,NOUN
1,elibét,NOUN
1,elevátor,NOUN
1,élet-vész,NOUN
1,életvágy,NOUN
1,élet-suba,NOUN
1,élet-mart,NOUN
1,életisten,NOUN
1,életér,NOUN
1,élet-ének,NOUN
1,Élet-asszony,NOUN
1,eleste,NOUN
1,élelem,NOUN
1,elei,NOUN
1,eledel,NOUN
1,elbocsátla,NOUN
1,elalvó,NOUN
1,elalvás,NOUN
1,elád,NOUN
1,ékszer,NOUN
1,ekrazittömeg,NOUN
1,ékkő,NOUN
1,ekhóz,NOUN
1,ekhó,NOUN
1,ekevas,NOUN
1,éjjel-nyíló,NOUN
1,ejh,NOUN
1,éjfél,NOUN
1,éjfa,NOUN
1,éjenként,NOUN
1,éhinség,NOUN
1,éhhalál,NOUN
1,éhező,NOUN
1,éhbér,NOUN
1,együtem,NOUN
1,egy-test,NOUN
1,egyszerűség,NOUN
1,Egy-nap,NOUN
1,egyke,NOUN
1,egykedvü,NOUN
1,egy-igazság,NOUN
1,egyház,NOUN
1,egyetlen,NOUN
1,egyetlenke,NOUN
1,egyetem,NOUN
1,egyesület,NOUN
1,egyenes,NOUN
1,egy-élet,NOUN
1,Egy-egész,NOUN
1,egyéb,NOUN
1,égiháború,NOUN
1,egészség,NOUN
1,ebtartó,NOUN
1,ébredés,NOUN
1,ebed,NOUN
1,eaux,NOUN
1,duna,NOUN
1,Duna-folyam,NOUN
1,dülv,NOUN
1,dülő,NOUN
1,dúló,NOUN
1,düledék-árny,NOUN
1,dühöngő,NOUN
1,dühöm,NOUN
1,dudva,NOUN
1,dudor,NOUN
1,dúdorász,NOUN
1,dudás,NOUN
1,dübörg,NOUN
1,dressz,NOUN
1,drágaság,NOUN
1,dörgő,NOUN
1,dőre,NOUN
1,dördülés,NOUN
1,dongó,NOUN
1,dombocska,NOUN
1,dölyf,NOUN
1,dolgozat,NOUN
1,dögrovás,NOUN
1,doboz,NOUN
1,dobogó,NOUN
1,dobogás,NOUN
1,dobbanás,NOUN
1,dobaj,NOUN
1,divathölgy,NOUN
1,divány,NOUN
1,dísz,NOUN
1,disz,NOUN
1,diszitik,NOUN
1,dió,NOUN
1,dinny,NOUN
1,dinnyehéj,NOUN
1,diktatura,NOUN
1,dícsértessél,NOUN
1,dícséret,NOUN
1,dia,NOUN
1,diaboló,NOUN
1,deszka-soványka,NOUN
1,deszkalóc,NOUN
1,derengés,NOUN
1,Denevér-szárny,NOUN
1,denevér,NOUN
1,délszemmel,NOUN
1,delírium,NOUN
1,déligyümölcs-kira,NOUN
1,délibáb,NOUN
1,delelő,NOUN
1,dédapa,NOUN
1,dec,NOUN
1,deci,NOUN
1,datolyafa,NOUN
1,daru,NOUN
1,darabkább,NOUN
1,dana,NOUN
1,dame,NOUN
1,dáma,NOUN
1,dalocska,NOUN
1,dalkar,NOUN
1,dalbakó,NOUN
1,dajka,NOUN
1,dajkahang,NOUN
1,dadogás,NOUN
1,csürhe,NOUN
1,csurgó,NOUN
1,csupa-csősz,NOUN
1,csuny,NOUN
1,csukaszürke,NOUN
1,csuka,NOUN
1,csudaszőlő,NOUN
1,csuda,NOUN
1,csudálkozi,NOUN
1,csudálás,NOUN
1,csövestül,NOUN
1,csörömpölés,NOUN
1,csőre,NOUN
1,csontváz,NOUN
1,csontváz-lelet,NOUN
1,csonttemplom,NOUN
1,csöngés,NOUN
1,csokor,NOUN
1,csókomt,NOUN
1,csókolás,NOUN
1,csókmorzsa,NOUN
1,csókhid,NOUN
1,csókcsoda,NOUN
1,csodaállat,NOUN
1,csobogó,NOUN
1,csobbanás,NOUN
1,csizmás,NOUN
1,csirkefogó,NOUN
1,csipkés,NOUN
1,csipke,NOUN
1,csipkebokor,NOUN
1,csi,NOUN
1,Csin,NOUN
1,csimbók,NOUN
1,csillogás,NOUN
1,csillagvizsgáló,NOUN
1,csillagkör,NOUN
1,csillagkép,NOUN
1,csillagfelleg,NOUN
1,csiklándani,NOUN
1,csikarás,NOUN
1,csíbor,NOUN
1,csibész,NOUN
1,csevegés,NOUN
1,csettintés,NOUN
1,csetlő-botló,NOUN
1,cserjeág,NOUN
1,cseréptető,NOUN
1,csereg,NOUN
1,csép,NOUN
1,csengőszó,NOUN
1,csengetyűcsinálás,NOUN
1,csempe,NOUN
1,cselekedet,NOUN
1,csavargyár,NOUN
1,csavargás,NOUN
1,csattos,NOUN
1,csattogó,NOUN
1,csatorna,NOUN
1,csatlós,NOUN
1,csatazaj,NOUN
1,csap,NOUN
1,csaplár,NOUN
1,csapatostul,NOUN
1,csapás,NOUN
1,csámcsogás,NOUN
1,csal,NOUN
1,csalás,NOUN
1,csala,NOUN
1,csalán,NOUN
1,csalamádé,NOUN
1,családfő,NOUN
1,csákó,NOUN
1,csákányos,NOUN
1,csacsi,NOUN
1,comb,NOUN
1,cókmók,NOUN
1,Cocteau,NOUN
1,citera,NOUN
1,cirógatás,NOUN
1,cipó,NOUN
1,cipész,NOUN
1,cipészlegény,NOUN
1,cipelés,NOUN
1,cíntányér,NOUN
1,cín,NOUN
1,cinke,NOUN
1,cinfedő,NOUN
1,cincér,NOUN
1,cigaretta,NOUN
1,cigány,NOUN
1,cigánykerék,NOUN
1,choux,NOUN
1,chauchat,NOUN
1,cézár,NOUN
1,cérna,NOUN
1,cementgyár,NOUN
1,cementfal,NOUN
1,cafraság,NOUN
1,búzatábla,NOUN
1,buzaszem,NOUN
1,buzaszemei,NOUN
1,buzaszár,NOUN
1,búzamező,NOUN
1,bűvölet,NOUN
1,butykos,NOUN
1,bú-trón,NOUN
1,büszke,NOUN
1,búsulás,NOUN
1,busa,NOUN
1,burzsujszem,NOUN
1,burzsi,NOUN
1,burzsikizsákmányolás,NOUN
1,burzsibőr,NOUN
1,burgonya,NOUN
1,bűntelenség,NOUN
1,bün,NOUN
1,bulldog,NOUN
1,buktató,NOUN
1,bukta,NOUN
1,bukfenc,NOUN
1,bujt,NOUN
1,bujjana,NOUN
1,bujdosás,NOUN
1,bujdokolás,NOUN
1,buggyanás,NOUN
1,büdösség-felhő,NOUN
1,Buddha-szobor,NOUN
1,búcsu,NOUN
1,búcsúcsók,NOUN
1,buborék,NOUN
1,bubi,NOUN
1,bronzkoszorú,NOUN
1,bronzhaj,NOUN
1,briganti,NOUN
1,botos,NOUN
1,boszorka,NOUN
1,bosszu,NOUN
1,bosszuér,NOUN
1,bosszuállás,NOUN
1,bőség,NOUN
1,bőrszivar,NOUN
1,bőrsüveg,NOUN
1,borsó,NOUN
1,borotva,NOUN
1,borostyánkő,NOUN
1,borongás,NOUN
1,borjuszáj,NOUN
1,bőrebb,NOUN
1,bordély,NOUN
1,borbély,NOUN
1,bóra,NOUN
1,böm-böm,NOUN
1,bombarobbanás,NOUN
1,boly,NOUN
1,bolyh,NOUN
1,bolygó-bimbó,NOUN
1,boltozat,NOUN
1,bolondgomba,NOUN
1,boldogtalanság,NOUN
1,bögölyhad-köd,NOUN
1,bogját,NOUN
1,bogárzó,NOUN
1,bogáncs,NOUN
1,bodza-ág,NOUN
1,bocskay,NOUN
1,bóbita,NOUN
1,bóbiskós,NOUN
1,blanc,NOUN
1,bizonyosság,NOUN
1,bíróság,NOUN
1,biróság,NOUN
1,birodalom,NOUN
1,birni,NOUN
1,Birnál,NOUN
1,birka,NOUN
1,bíbor,NOUN
1,biborló,NOUN
1,biborkirályfi,NOUN
1,bibircsók,NOUN
1,bibe,NOUN
1,betevő,NOUN
1,betegség,NOUN
1,berta,NOUN
1,bertalan,NOUN
1,bérletörés,NOUN
1,bérkaszárnya,NOUN
1,béres,NOUN
1,béres-had,NOUN
1,bérdal,NOUN
1,bércseléd,NOUN
1,benzin,NOUN
1,benső,NOUN
1,bé,NOUN
1,belső,NOUN
1,belesáppad,NOUN
1,belem,NOUN
1,belékevert,NOUN
1,béla,NOUN
1,békitik,NOUN
1,Békesség-noé,NOUN
1,békanyál,NOUN
1,békafej,NOUN
1,békaduda,NOUN
1,behúny,NOUN
1,becsület,NOUN
1,becs,NOUN
1,Bazilika-tornya,NOUN
1,batu,NOUN
1,bársony-permeteg,NOUN
1,bársony-penész,NOUN
1,barrikád,NOUN
1,barnaság,NOUN
1,barna,NOUN
1,barlangvisszhang,NOUN
1,barlang-visszhang,NOUN
1,barlanghegy,NOUN
1,bárki,NOUN
1,bárkán,NOUN
1,bárd,NOUN
1,Barbusse,NOUN
1,bárányganéj,NOUN
1,báránybunda,NOUN
1,bánya,NOUN
1,bankó,NOUN
1,bank,NOUN
1,bánat-népség,NOUN
1,bánatkertész,NOUN
1,bána,NOUN
1,bámész,NOUN
1,bamba,NOUN
1,bálvány,NOUN
1,balsiker,NOUN
1,bal,NOUN
1,ballada,NOUN
1,balkéz,NOUN
1,balkán,NOUN
1,balgaság,NOUN
1,bakunin,NOUN
1,baktérium,NOUN
1,bak,NOUN
1,bajusztörlő,NOUN
1,báju,NOUN
1,bajocska,NOUN
1,báj,NOUN
1,Bajnok-futó,NOUN
1,bagó,NOUN
1,bádoghab,NOUN
1,bádogdoboz,NOUN
1,bácsi,NOUN
1,bábu,NOUN
1,bableves,NOUN
1,babaruhácska,NOUN
1,baba,NOUN
1,ázsia,NOUN
1,avar,NOUN
1,aug,NOUN
1,atyafi,NOUN
1,attila,NOUN
1,ató,NOUN
1,átaranylik,NOUN
1,asszubor,NOUN
1,asszonyujj,NOUN
1,asszony-test,NOUN
1,asszony-tatár,NOUN
1,asszonyriasztó,NOUN
1,asszonyostul,NOUN
1,asszonykéz,NOUN
1,asszony-hatalom,NOUN
1,ásás,NOUN
1,áruház,NOUN
1,ártörő,NOUN
1,aroma,NOUN
1,árnyékvilág,NOUN
1,árnyékkép,NOUN
1,arckép,NOUN
1,árboc,NOUN
1,árbocfaragó,NOUN
1,arasz,NOUN
1,aranytallér,NOUN
1,aranyszőr,NOUN
1,aranyszó,NOUN
1,aranyöv,NOUN
1,arány,NOUN
1,aranymoszat,NOUN
1,aranykorcs,NOUN
1,aranykeret,NOUN
1,aranyhal,NOUN
1,aranyhaj,NOUN
1,aranyérc,NOUN
1,aranydrót,NOUN
1,aranybálvány,NOUN
1,aranyajtó,NOUN
1,áradás,NOUN
1,apróság,NOUN
1,áporodás,NOUN
1,apó,NOUN
1,apjok,NOUN
1,apaszó,NOUN
1,apácaszív,NOUN
1,anyjuk,NOUN
1,anyatermészet,NOUN
1,anyatej,NOUN
1,anyaság,NOUN
1,anyaöl,NOUN
1,ángyika,NOUN
1,angyal-hamisitvány,NOUN
1,andris,NOUN
1,andornak,NOUN
1,ámulat,NOUN
1,ampa,NOUN
1,ámor,NOUN
1,alva,NOUN
1,aluvót,NOUN
1,aludttej,NOUN
1,altiszt,NOUN
1,álomvirág,NOUN
1,álomtemető,NOUN
1,álom-ima,NOUN
1,álomfelleg,NOUN
1,álom-ég,NOUN
1,álomalak,NOUN
1,áloé,NOUN
1,álmodozás,NOUN
1,almavirág,NOUN
1,almaszirom,NOUN
1,almagerezd,NOUN
1,állomás,NOUN
1,allelúj,NOUN
1,állam,NOUN
1,álkulturáér,NOUN
1,alkotó,NOUN
1,Alkonyúl,NOUN
1,alkoholtilalom,NOUN
1,alja,NOUN
1,aligátor,NOUN
1,áldás,NOUN
1,alattomb,NOUN
1,álarc,NOUN
1,alapkő,NOUN
1,alakzat,NOUN
1,alabástrom,NOUN
1,akta,NOUN
1,akasztófa,NOUN
1,akasztla,NOUN
1,akármely,NOUN
1,akadna,NOUN
1,akadémia,NOUN
1,akadály,NOUN
1,akácocska,NOUN
1,ákác,NOUN
1,akác,NOUN
1,ajkai,NOUN
1,ajánlás,NOUN
1,ajakad,NOUN
1,áhitat,NOUN
1,áhi,NOUN
1,ágyúszó,NOUN
1,ágyu,NOUN
1,agyag,NOUN
1,ágról-ág,NOUN
1,ágra-bog,NOUN
1,aggodalom,NOUN
1,aggastyán,NOUN
1,aggancsom,NOUN
1,aggancsa,NOUN
1,ág-bog,NOUN
1,agancs,NOUN
1,ágak-bogak,NOUN
1,ágai,NOUN
1,ága-boga,NOUN
1,afrika,NOUN
1,ady,NOUN
1,adsz,NOUN
1,ádám,NOUN
1,acéltehén,NOUN
1,acélobeliszk,NOUN
1,acélműhely,NOUN
1,ábra,NOUN
