641,van,VERB
337,lesz,VERB
181,tud,VERB
146,szeret,VERB
135,lát,VERB
123,kell,VERB
118,jön,VERB
113,él,VERB
104,néz,VERB
101,vár,VERB
85,száll,VERB
85,áll,VERB
83,nincs,VERB
81,ad,VERB
72,mond,VERB
66,megy,VERB
64,vesz,VERB
64,szól,VERB
63,fog,VERB
62,akar,VERB
59,ül,VERB
58,ér,VERB
55,alszik,VERB
53,sír,VERB
49,hisz,VERB
44,nincsen,VERB
43,jár,VERB
43,érez,VERB
42,hallgat,VERB
42,gondol,VERB
41,tesz,VERB
36,fáj,VERB
35,vet,VERB
35,hull,VERB
34,hoz,VERB
34,hall,VERB
33,marad,VERB
32,zúg,VERB
32,ölel,VERB
32,meghal,VERB
32,ért,VERB
31,hagy,VERB
29,visz,VERB
29,iszik,VERB
29,fut,VERB
28,mosolyog,VERB
28,énekel,VERB
27,tör,VERB
27,fél,VERB
26,keres,VERB
26,eszik,VERB
25,ver,VERB
25,segít,VERB
25,rak,VERB
25,nő,VERB
25,fekszik,VERB
25,esik,VERB
25,csókol,VERB
24,üt,VERB
24,öl,VERB
24,megáll,VERB
24,kér,VERB
24,ég,VERB
22,tart,VERB
22,őriz,VERB
22,kap,VERB
22,jut,VERB
22,bánt,VERB
21,vág,VERB
21,örül,VERB
21,játszik,VERB
20,lép,VERB
20,dolgozik,VERB
20,beszél,VERB
19,tép,VERB
19,ragyog,VERB
19,lel,VERB
19,kiált,VERB
19,hullik,VERB
19,hív,VERB
19,elalszik,VERB
19,csinál,VERB
18,nyit,VERB
18,megcsókol,VERB
18,hord,VERB
18,fogad,VERB
18,dalol,VERB
17,vigyáz,VERB
17,szenved,VERB
17,szalad,VERB
17,nevet,VERB
17,köt,VERB
17,győz,VERB
16,rohan,VERB
16,mos,VERB
16,hal,VERB
16,elmegy,VERB
16,eljön,VERB
16,ejt,VERB
15,űz,VERB
15,meglát,VERB
15,lóg,VERB
15,lebeg,VERB
15,köszön,VERB
15,könyörög,VERB
15,elhagy,VERB
14,süt,VERB
14,reszket,VERB
14,remeg,VERB
14,lobog,VERB
14,lefekszik,VERB
14,lakik,VERB
14,fagy,VERB
14,enged,VERB
14,csillog,VERB
14,bámul,VERB
13,törődik,VERB
13,talál,VERB
13,szed,VERB
13,rág,VERB
13,pihen,VERB
13,kél,VERB
13,indul,VERB
13,hajt,VERB
13,emel,VERB
12,ringat,VERB
12,óv,VERB
12,ír,VERB
12,forog,VERB
12,fázik,VERB
12,elfárad,VERB
12,dob,VERB
12,borul,VERB
12,bír,VERB
12,bán,VERB
11,zeng,VERB
11,válik,VERB
11,szabad,VERB
11,remél,VERB
11,rejt,VERB
11,mászik,VERB
11,mar,VERB
11,leng,VERB
11,küld,VERB
11,kérd,VERB
11,húz,VERB
11,harap,VERB
11,gyújt,VERB
11,figyel,VERB
11,feled,VERB
11,emlékezik,VERB
11,álmodik,VERB
11,akad,VERB
10,vél,VERB
10,úszik,VERB
10,tanul,VERB
10,szül,VERB
10,születik,VERB
10,suhan,VERB
10,sikolt,VERB
10,ring,VERB
10,pusztul,VERB
10,lehull,VERB
10,kerül,VERB
10,kacag,VERB
10,fú,VERB
10,főz,VERB
10,fordul,VERB
10,ered,VERB
10,csal,VERB
9,terem,VERB
9,teremt,VERB
9,sincs,VERB
9,röpül,VERB
9,önt,VERB
9,nyom,VERB
9,mér,VERB
9,les,VERB
9,kezd,VERB
9,kel,VERB
9,ismer,VERB
9,fürdik,VERB
9,fölemel,VERB
8,zokog,VERB
8,zizeg,VERB
8,tér,VERB
8,telik,VERB
8,szárad,VERB
8,repül,VERB
8,pereg,VERB
8,ölt,VERB
8,mutat,VERB
8,muszáj,VERB
8,motyog,VERB
8,lapul,VERB
8,hever,VERB
8,guggol,VERB
8,érlel,VERB
8,dől,VERB
8,bont,VERB
8,ballag,VERB
8,alkot,VERB
7,vergődik,VERB
7,vall,VERB
7,vágyik,VERB
7,un,VERB
7,ugrik,VERB
7,terít,VERB
7,tapos,VERB
7,takar,VERB
7,szel,VERB
7,szédül,VERB
7,szaggat,VERB
7,siet,VERB
7,riad,VERB
7,próbál,VERB
7,ordít,VERB
7,olvas,VERB
7,nyugszik,VERB
7,nyílik,VERB
7,mesél,VERB
7,lop,VERB
7,költ,VERB
7,kinő,VERB
7,kalapál,VERB
7,jő,VERB
7,int,VERB
7,folyik,VERB
7,emelkedik,VERB
7,elül,VERB
7,elnéz,VERB
7,csap,VERB
7,borong,VERB
7,bomlik,VERB
7,bőg,VERB
7,áld,VERB
6,zuhan,VERB
6,zöldel,VERB
6,zavar,VERB
6,von,VERB
6,visszajön,VERB
6,virágzik,VERB
6,vezet,VERB
6,véd,VERB
6,ügyel,VERB
6,tisztel,VERB
6,tetszik,VERB
6,szökken,VERB
6,szökik,VERB
6,szánt,VERB
6,sóhajt,VERB
6,sajnál,VERB
6,rúg,VERB
6,ráz,VERB
6,ránt,VERB
6,ragad,VERB
6,ömlik,VERB
6,odaad,VERB
6,nekivág,VERB
6,morog,VERB
6,mered,VERB
6,megvan,VERB
6,megremeg,VERB
6,megöl,VERB
6,megfog,VERB
6,lehet,VERB
6,köp,VERB
6,kíván,VERB
6,kihűl,VERB
6,készül,VERB
6,kereng,VERB
6,kapkod,VERB
6,imádkozik,VERB
6,gyúl,VERB
6,gyűlik,VERB
6,gyötör,VERB
6,gurul,VERB
6,görnyed,VERB
6,fülel,VERB
6,forr,VERB
6,foltoz,VERB
6,fojt,VERB
6,fénylik,VERB
6,fakad,VERB
6,elvesz,VERB
6,elszáll,VERB
6,elmond,VERB
6,elejt,VERB
6,dübörög,VERB
6,dobál,VERB
6,búsul,VERB
6,búg,VERB
6,bököd,VERB
6,akaszt,VERB
5,zuhog,VERB
5,zár,VERB
5,vonít,VERB
5,villan,VERB
5,világít,VERB
5,veszt,VERB
5,varr,VERB
5,ugrál,VERB
5,tünődik,VERB
5,tündököl,VERB
5,totyog,VERB
5,tol,VERB
5,tapad,VERB
5,támad,VERB
5,találkozik,VERB
5,susog,VERB
5,sodor,VERB
5,simít,VERB
5,réved,VERB
5,rebben,VERB
5,pöröl,VERB
5,oszt,VERB
5,olvaszt,VERB
5,old,VERB
5,nyög,VERB
5,nyafog,VERB
5,muzsikál,VERB
5,mozdul,VERB
5,mormol,VERB
5,mereng,VERB
5,melegedik,VERB
5,megver,VERB
5,megterít,VERB
5,megpihen,VERB
5,megölel,VERB
5,megindul,VERB
5,meghall,VERB
5,megért,VERB
5,leül,VERB
5,letör,VERB
5,lep,VERB
5,lebben,VERB
5,látszik,VERB
5,kötöz,VERB
5,kopog,VERB
5,kiabál,VERB
5,kering,VERB
5,képzel,VERB
5,káromkodik,VERB
5,kapál,VERB
5,hevül,VERB
5,hál,VERB
5,hajol,VERB
5,gázol,VERB
5,fűz,VERB
5,füstöl,VERB
5,fontol,VERB
5,fér,VERB
5,felel,VERB
5,észrevesz,VERB
5,elvisz,VERB
5,eltűnik,VERB
5,elfeled,VERB
5,dereng,VERB
5,danol,VERB
5,dagad,VERB
5,csorog,VERB
5,bolyong,VERB
5,bocsát,VERB
5,betör,VERB
5,belát,VERB
5,árad,VERB
4,zúdul,VERB
4,zörög,VERB
4,vonszol,VERB
4,vinnyog,VERB
4,villog,VERB
4,vét,VERB
4,veszik,VERB
4,vérzik,VERB
4,vált,VERB
4,változik,VERB
4,űl,VERB
4,ültet,VERB
4,üget,VERB
4,tűz,VERB
4,töpreng,VERB
4,temet,VERB
4,tekint,VERB
4,tagad,VERB
4,szorul,VERB
4,szív,VERB
4,sziszeg,VERB
4,szid,VERB
4,szétkujtorog,VERB
4,szendereg,VERB
4,szán,VERB
4,számol,VERB
4,szakad,VERB
4,surran,VERB
4,sürög,VERB
4,sirat,VERB
4,sincsen,VERB
4,siklik,VERB
4,sikerül,VERB
4,sétál,VERB
4,sejt,VERB
4,röpköd,VERB
4,rászáll,VERB
4,pattan,VERB
4,ont,VERB
4,öltözik,VERB
4,nyujt,VERB
4,nyer,VERB
4,nyel,VERB
4,nyal,VERB
4,növeszt,VERB
4,nevel,VERB
4,motoz,VERB
4,menekül,VERB
4,megnéz,VERB
4,megmarad,VERB
4,meghallgat,VERB
4,megad,VERB
4,lohol,VERB
4,libeg,VERB
4,libben,VERB
4,leszáll,VERB
4,lépked,VERB
4,lenget,VERB
4,lenéz,VERB
4,lehuny,VERB
4,lehever,VERB
4,lehel,VERB
4,ledől,VERB
4,ledob,VERB
4,lázad,VERB
4,küzd,VERB
4,követ,VERB
4,kotyog,VERB
4,kiválik,VERB
4,kínoz,VERB
4,kinevet,VERB
4,kilép,VERB
4,kijön,VERB
4,kihül,VERB
4,kihajt,VERB
4,kigyúl,VERB
4,kibont,VERB
4,kiáltozik,VERB
4,kérdez,VERB
4,kellesz,VERB
4,illik,VERB
4,illan,VERB
4,huny,VERB
4,hódol,VERB
4,hint,VERB
4,hazatalál,VERB
4,harcol,VERB
4,haragszik,VERB
4,halad,VERB
4,hajlik,VERB
4,hajít,VERB
4,gyűjt,VERB
4,füstölög,VERB
4,füröszt,VERB
4,fonnyad,VERB
4,fölsír,VERB
4,fölkap,VERB
4,fogan,VERB
4,feszül,VERB
4,felejt,VERB
4,fecseg,VERB
4,fal,VERB
4,etet,VERB
4,esteledik,VERB
4,épül,VERB
4,enyhít,VERB
4,elültet,VERB
4,eltéved,VERB
4,eltemet,VERB
4,elszalad,VERB
4,elsüllyed,VERB
4,elpusztul,VERB
4,elpihen,VERB
4,elfelejt,VERB
4,elér,VERB
4,éhezik,VERB
4,dünnyög,VERB
4,dörög,VERB
4,dönt,VERB
4,dobog,VERB
4,cirógat,VERB
4,bukkan,VERB
4,borít,VERB
4,bömböl,VERB
4,betakar,VERB
4,ázik,VERB
4,állít,VERB
3,zúz,VERB
3,zörget,VERB
3,zizzen,VERB
3,zendül,VERB
3,vonul,VERB
3,visszaad,VERB
3,visel,VERB
3,virul,VERB
3,virraszt,VERB
3,vakít,VERB
3,váj,VERB
3,útálkozhat,VERB
3,üdvözöl,VERB
3,tüzel,VERB
3,törik,VERB
3,tölt,VERB
3,tollászkodik,VERB
3,terül,VERB
3,terel,VERB
3,ténfereg,VERB
3,települ,VERB
3,taszít,VERB
3,tár,VERB
3,tántorog,VERB
3,takarít,VERB
3,szúr,VERB
3,szűl,VERB
3,sző,VERB
3,szór,VERB
3,szorongat,VERB
3,szorit,VERB
3,szólal,VERB
3,szétszed,VERB
3,szétszaggat,VERB
3,széthull,VERB
3,szerez,VERB
3,szaporodik,VERB
3,suttog,VERB
3,sülyed,VERB
3,sírdogál,VERB
3,simul,VERB
3,simogat,VERB
3,sért,VERB
3,rothad,VERB
3,roskad,VERB
3,röhög,VERB
3,rikolt,VERB
3,rezeg,VERB
3,retten,VERB
3,reped,VERB
3,reng,VERB
3,reámragyog,VERB
3,ráng,VERB
3,rálép,VERB
3,pislog,VERB
3,piroslik,VERB
3,pazarol,VERB
3,pattog,VERB
3,oszlik,VERB
3,összetör,VERB
3,összeszed,VERB
3,összemar,VERB
3,összefog,VERB
3,összeég,VERB
3,őrködik,VERB
3,ordit,VERB
3,öntöz,VERB
3,omlik,VERB
3,olvad,VERB
3,oktat,VERB
3,odad,VERB
3,nyüzsög,VERB
3,nyöszörög,VERB
3,nőjjön,VERB
3,mulat,VERB
3,mozog,VERB
3,megun,VERB
3,megtanul,VERB
3,megtalál,VERB
3,megszeret,VERB
3,megriad,VERB
3,megráz,VERB
3,megjön,VERB
3,megír,VERB
3,meghalnom,VERB
3,megfoltoz,VERB
3,megesz,VERB
3,megér,VERB
3,megérkezik,VERB
3,megbánt,VERB
3,magyaráz,VERB
3,lök,VERB
3,lógat,VERB
3,liheg,VERB
3,levet,VERB
3,leszakad,VERB
3,lendül,VERB
3,lemegy,VERB
3,lecsap,VERB
3,kutat,VERB
3,kovácsol,VERB
3,kóstol,VERB
3,könnyez,VERB
3,költözik,VERB
3,kiül,VERB
3,kitár,VERB
3,kiönt,VERB
3,kinyílik,VERB
3,kínál,VERB
3,kimegy,VERB
3,kihúz,VERB
3,kigyullad,VERB
3,károg,VERB
3,jelez,VERB
3,játszadozik,VERB
3,jajdul,VERB
3,izzad,VERB
3,ittmarad,VERB
3,iramlik,VERB
3,igazgat,VERB
3,húzódik,VERB
3,hullámzik,VERB
3,hullajt,VERB
3,hiv,VERB
3,hirdet,VERB
3,harangozik,VERB
3,haldokol,VERB
3,hajladozik,VERB
3,hág,VERB
3,gyül,VERB
3,gőzöl,VERB
3,gőzölög,VERB
3,gördül,VERB
3,fütyül,VERB
3,fő,VERB
3,foszlik,VERB
3,forgat,VERB
3,fordít,VERB
3,fölnéz,VERB
3,fölfog,VERB
3,föláll,VERB
3,fohászkodik,VERB
3,fizet,VERB
3,fest,VERB
3,fárad,VERB
3,fakul,VERB
3,érkezik,VERB
3,érdemel,VERB
3,emlékszik,VERB
3,elválik,VERB
3,elragad,VERB
3,elpusztít,VERB
3,elpirul,VERB
3,elmosolyodik,VERB
3,elmesél,VERB
3,elmereng,VERB
3,elkerül,VERB
3,elhull,VERB
3,elhoz,VERB
3,elhallgat,VERB
3,elfut,VERB
3,elfordul,VERB
3,elad,VERB
3,egyenget,VERB
3,éget,VERB
3,ébred,VERB
3,dúl,VERB
3,dong,VERB
3,dajkál,VERB
3,dagaszt,VERB
3,dadog,VERB
3,csurog,VERB
3,csüng,VERB
3,csügg,VERB
3,csudál,VERB
3,csörög,VERB
3,csodál,VERB
3,csobog,VERB
3,csitít,VERB
3,csíp,VERB
3,cseng,VERB
3,csattog,VERB
3,csapkod,VERB
3,csalódik,VERB
3,búvik,VERB
3,bukik,VERB
3,bugyog,VERB
3,buggyan,VERB
3,bízik,VERB
3,betölt,VERB
3,betelik,VERB
3,belehal,VERB
3,békül,VERB
3,bejön,VERB
3,bejár,VERB
3,babrál,VERB
3,áttetszik,VERB
3,áthajít,VERB
3,árul,VERB
3,apad,VERB
3,alvad,VERB
2,zug,VERB
2,zenél,VERB
2,vonaglik,VERB
2,vizsgál,VERB
2,virít,VERB
2,vigasztal,VERB
2,vidul,VERB
2,vicsorog,VERB
2,vész,VERB
2,veret,VERB
2,végez,VERB
2,vásik,VERB
2,vasárnapol,VERB
2,vartyog,VERB
2,vállal,VERB
2,választ,VERB
2,válaszol,VERB
2,vakog,VERB
2,vágtat,VERB
2,üvölt,VERB
2,u,VERB
2,utazik,VERB
2,utál,VERB
2,uszul,VERB
2,uszít,VERB
2,ünnepel,VERB
2,ujjong,VERB
2,ugrándozik,VERB
2,ugat,VERB
2,tűnődik,VERB
2,tündöklik,VERB
2,tovaringat,VERB
2,továbbmegy,VERB
2,történik,VERB
2,töröl,VERB
2,topog,VERB
2,töm,VERB
2,tömjénez,VERB
2,tolakszik,VERB
2,tettenér,VERB
2,tereget,VERB
2,telepedik,VERB
2,tékozol,VERB
2,tát,VERB
2,tátog,VERB
2,tartozik,VERB
2,tarol,VERB
2,táplálkozik,VERB
2,táncol,VERB
2,szunnyad,VERB
2,szundít,VERB
2,szorít,VERB
2,szomjazik,VERB
2,szolgál,VERB
2,szokik,VERB
2,szivet,VERB
2,szived,VERB
2,szivárog,VERB
2,szétoszt,VERB
2,szétnéz,VERB
2,szemlél,VERB
2,szegődik,VERB
2,szegez,VERB
2,szárnyal,VERB
2,szállong,VERB
2,száguld,VERB
2,szagol,VERB
2,szab,VERB
2,szabódik,VERB
2,szabadul,VERB
2,súrol,VERB
2,sunyít,VERB
2,süllyed,VERB
2,sír-rí,VERB
2,símul,VERB
2,sikong,VERB
2,sikít,VERB
2,sikál,VERB
2,seul,VERB
2,sercen,VERB
2,sárgul,VERB
2,sáppad,VERB
2,röppen,VERB
2,ront,VERB
2,rokkan,VERB
2,rogyadozik,VERB
2,robotol,VERB
2,robban,VERB
2,rivall,VERB
2,ringatózik,VERB
2,rimánkodik,VERB
2,retteg,VERB
2,rémlik,VERB
2,rejtőzik,VERB
2,rejtezik,VERB
2,reccsen,VERB
2,ráül,VERB
2,rátapad,VERB
2,rángat,VERB
2,rámnéz,VERB
2,rajzik,VERB
2,rádob,VERB
2,pusztít,VERB
2,prédikál,VERB
2,pourquoi,VERB
2,porlad,VERB
2,piszkál,VERB
2,pirosodik,VERB
2,pirosít,VERB
2,piheg,VERB
2,párolog,VERB
2,panaszol,VERB
2,őszül,VERB
2,összeszorít,VERB
2,összenő,VERB
2,összekever,VERB
2,összedől,VERB
2,ölelget,VERB
2,okoz,VERB
2,ődöng,VERB
2,nyúl,VERB
2,nyújt,VERB
2,nyughat,VERB
2,nyil,VERB
2,nyiladozik,VERB
2,nyerít,VERB
2,nemz,VERB
2,nehezül,VERB
2,mormog,VERB
2,mondat,VERB
2,mer,VERB
2,merít,VERB
2,melenget,VERB
2,mekeg,VERB
2,megvirrad,VERB
2,megtörik,VERB
2,megszólít,VERB
2,megszakad,VERB
2,megrezzen,VERB
2,megrág,VERB
2,megőrül,VERB
2,megnyugszik,VERB
2,megnyom,VERB
2,megméret,VERB
2,meglóbál,VERB
2,meglel,VERB
2,megjelenik,VERB
2,meging,VERB
2,meghasad,VERB
2,meggyötör,VERB
2,meggondol,VERB
2,megforgat,VERB
2,megfagy,VERB
2,megérint,VERB
2,megérez,VERB
2,megdöglik,VERB
2,megcsöndesül,VERB
2,megcsendül,VERB
2,megbocsát,VERB
2,megbecsül,VERB
2,megbán,VERB
2,megázik,VERB
2,megátkoz,VERB
2,megaláz,VERB
2,mászkál,VERB
2,majszol,VERB
2,magasztal,VERB
2,locsol,VERB
2,locsog,VERB
2,lobban,VERB
2,letesz,VERB
2,letérdel,VERB
2,leszédül,VERB
2,lesüllyed,VERB
2,lerakódik,VERB
2,lelkendezik,VERB
2,lélegzik,VERB
2,lehajt,VERB
2,legyint,VERB
2,legyez,VERB
2,legel,VERB
2,lefolyik,VERB
2,lebukik,VERB
2,kúszik,VERB
2,közeledik,VERB
2,követel,VERB
2,köszörül,VERB
2,korhad,VERB
2,költöget,VERB
2,koldul,VERB
2,kitetszik,VERB
2,kitér,VERB
2,kiterít,VERB
2,kitárul,VERB
2,kitalál,VERB
2,kisöpör,VERB
2,kisír,VERB
2,kísér,VERB
2,kirak,VERB
2,kiöl,VERB
2,kimond,VERB
2,kiköp,VERB
2,kiiszik,VERB
2,kihull,VERB
2,kigyul,VERB
2,kifacsar,VERB
2,kibomlik,VERB
2,kiáll,VERB
2,kever,VERB
2,keveredik,VERB
2,késik,VERB
2,keserül,VERB
2,keresgél,VERB
2,kegyel,VERB
2,kedvel,VERB
2,kavar,VERB
2,kavarog,VERB
2,karol,VERB
2,karikázik,VERB
2,kárál,VERB
2,kakukkol,VERB
2,jóllakik,VERB
2,jelent,VERB
2,játszogat,VERB
2,járkál,VERB
2,Jan,VERB
2,jajgat,VERB
2,izzik,VERB
2,itthagy,VERB
2,ítél,VERB
2,ir,VERB
2,irtózik,VERB
2,indít,VERB
2,imád,VERB
2,illet,VERB
2,igyekszik,VERB
2,ígér,VERB
2,igazít,VERB
2,idéz,VERB
2,huz,VERB
2,hűvöslő,VERB
2,hűt,VERB
2,hunyorog,VERB
2,hűl,VERB
2,hullat,VERB
2,hörög,VERB
2,hömpölyög,VERB
2,heverészik,VERB
2,hervad,VERB
2,henyél,VERB
2,hentereg,VERB
2,hengerel,VERB
2,hempereg,VERB
2,hazudozik,VERB
2,hazudik,VERB
2,hazatér,VERB
2,hazaballag,VERB
2,havazik,VERB
2,hatol,VERB
2,hasonlít,VERB
2,hasít,VERB
2,hasal,VERB
2,hány,VERB
2,hánykolódik,VERB
2,hallik,VERB
2,hajnalodik,VERB
2,hadar,VERB
2,gyűr,VERB
2,gyilkol,VERB
2,gyárt,VERB
2,görbül,VERB
2,görbed,VERB
2,gondolkodik,VERB
2,golyózik,VERB
2,fűt,VERB
2,futkároz,VERB
2,fúl,VERB
2,fullad,VERB
2,fuldoklik,VERB
2,függ,VERB
2,fosztogat,VERB
2,foszforeszkál,VERB
2,fortyog,VERB
2,fondorkodik,VERB
2,folytat,VERB
2,folydogál,VERB
2,fölvesz,VERB
2,föltámad,VERB
2,fölszáll,VERB
2,fölrepül,VERB
2,fölolvas,VERB
2,fölnő,VERB
2,fölkél,VERB
2,fölkelt,VERB
2,följön,VERB
2,fölhörög,VERB
2,fölgyűr,VERB
2,fölgyujt,VERB
2,Föl-fölbukkan,VERB
2,fölfal,VERB
2,földerül,VERB
2,fojtogat,VERB
2,fogy,VERB
2,foglal,VERB
2,föd,VERB
2,figyelmez,VERB
2,fenyeget,VERB
2,fen,VERB
2,felnő,VERB
2,felesel,VERB
2,feláldoz,VERB
2,feketéllik,VERB
2,fejt,VERB
2,fed,VERB
2,farag,VERB
2,evez,VERB
2,erősödik,VERB
2,épít,VERB
2,épit,VERB
2,énekelget,VERB
2,elvisel,VERB
2,elvetél,VERB
2,elvész,VERB
2,elveszik,VERB
2,elvegyül,VERB
2,elűz,VERB
2,eltölt,VERB
2,elszomorodik,VERB
2,elsodor,VERB
2,elsimul,VERB
2,elönt,VERB
2,előjön,VERB
2,elnyom,VERB
2,elmarad,VERB
2,ellop,VERB
2,elleng,VERB
2,elkezd,VERB
2,elkever,VERB
2,elkér,VERB
2,elkap,VERB
2,elindul,VERB
2,elhisz,VERB
2,elhamvad,VERB
2,elfogy,VERB
2,elég,VERB
2,eldob,VERB
2,elborít,VERB
2,elbocsát,VERB
2,elbeszél,VERB
2,elaluszik,VERB
2,elalél,VERB
2,elakad,VERB
2,egyedűl,VERB
2,dül,VERB
2,dühöng,VERB
2,dorombol,VERB
2,dörmög,VERB
2,döng,VERB
2,didereg,VERB
2,dícsér,VERB
2,dicsér,VERB
2,determinál,VERB
2,dermed,VERB
2,csörömpöl,VERB
2,csorbul,VERB
2,csöppen,VERB
2,csöpög,VERB
2,csönget,VERB
2,csókolózik,VERB
2,csip,VERB
2,csillan,VERB
2,csavarog,VERB
2,csattan,VERB
2,cirpel,VERB
2,cipel,VERB
2,cincog,VERB
2,cikkan,VERB
2,cibál,VERB
2,buzog,VERB
2,büntet,VERB
2,bújik,VERB
2,botlik,VERB
2,borzong,VERB
2,borzol,VERB
2,boncol,VERB
2,bólogat,VERB
2,bólint,VERB
2,biccen,VERB
2,bezár,VERB
2,bevon,VERB
2,beojt,VERB
2,beköszön,VERB
2,bekocog,VERB
2,bekap,VERB
2,bekacag,VERB
2,befut,VERB
2,befűlik,VERB
2,becsuk,VERB
2,barnul,VERB
2,bandukol,VERB
2,átkoz,VERB
2,átjár,VERB
2,ás,VERB
2,arat,VERB
2,ápol,VERB
2,álmodozik,VERB
2,alkudozik,VERB
2,áldozik,VERB
2,alázkodik,VERB
2,áhít,VERB
2,adódik,VERB
1,zuzódik,VERB
1,zümmög,VERB
1,zudít,VERB
1,zubog,VERB
1,zsugorgat,VERB
1,zörren,VERB
1,zöngicsél,VERB
1,zilál,VERB
1,zihál,VERB
1,zarvarnálak,VERB
1,zajong,VERB
1,zajlik,VERB
1,zabál,VERB
1,vonz,VERB
1,vonyít,VERB
1,vonódik,VERB
1,volna,VERB
1,vív,VERB
1,vivódik,VERB
1,vitet,VERB
1,vitat,VERB
1,viszonoz,VERB
1,visszavív,VERB
1,visszaveszik,VERB
1,visszavág,VERB
1,visszaszáll,VERB
1,visszanéz,VERB
1,visszamegy,VERB
1,visszamarad,VERB
1,visszalop,VERB
1,visszalobogtat,VERB
1,visszakap,VERB
1,visszajár,VERB
1,visszaindul,VERB
1,visszahuzódik,VERB
1,visszahoz,VERB
1,visszahív,VERB
1,visszagondol,VERB
1,visszadob,VERB
1,visszacsillan,VERB
1,viselkedik,VERB
1,virágozik,VERB
1,villant,VERB
1,villámlik,VERB
1,világosodik,VERB
1,világosít,VERB
1,világol,VERB
1,világlik,VERB
1,Világit,VERB
1,világítsz,VERB
1,vigyorog,VERB
1,vígasztal,VERB
1,vigad,VERB
1,viaskodik,VERB
1,vezérel,VERB
1,vezekel,VERB
1,vetül,VERB
1,vetél,VERB
1,veszít,VERB
1,veszekszik,VERB
1,verekszik,VERB
1,verdes,VERB
1,vénít,VERB
1,vele-riszálódik,VERB
1,velealszik,VERB
1,vékonyul,VERB
1,végigvicsorog,VERB
1,végignyal,VERB
1,végigmér,VERB
1,végighúz,VERB
1,végighever,VERB
1,végiggurul,VERB
1,végigfektet,VERB
1,végigcsattog,VERB
1,vedlik,VERB
1,védekezik,VERB
1,varrogat,VERB
1,varja,VERB
1,varázsol,VERB
1,vánszorog,VERB
1,vándorol,VERB
1,váltogat,VERB
1,valál,VERB
1,vakul,VERB
1,vakar,VERB
1,vajudik,VERB
1,vagdal,VERB
1,vádol,VERB
1,vacog,VERB
1,üzen,VERB
1,ut,VERB
1,útrakél,VERB
1,ütődik,VERB
1,ütközik,VERB
1,utánoz,VERB
1,utánaszalad,VERB
1,utánakap,VERB
1,Usz,VERB
1,úszkál,VERB
1,uszik,VERB
1,uszhat,VERB
1,undorodik,VERB
1,Űl,VERB
1,ülepszik,VERB
1,ujul,VERB
1,újjászül,VERB
1,ügyeskedik,VERB
1,tüzesít,VERB
1,tüzesedik,VERB
1,túr,VERB
1,turbékol,VERB
1,tüntet,VERB
1,tűnik,VERB
1,túllép,VERB
1,túlkiabál,VERB
1,túljut,VERB
1,tulhajt,VERB
1,tügy,VERB
1,trilláz,VERB
1,tréfál,VERB
1,tovavillan,VERB
1,tovaűz,VERB
1,tovaszáll,VERB
1,tovafuj,VERB
1,továbbhalad,VERB
1,törül,VERB
1,törülközik,VERB
1,törülget,VERB
1,toroz,VERB
1,tornáz,VERB
1,torlaszt,VERB
1,töredezik,VERB
1,tördelődik,VERB
1,toporzékol,VERB
1,töpörödik,VERB
1,tolong,VERB
1,tölcsérez,VERB
1,tökéletesedik,VERB
1,tojik,VERB
1,töfföl,VERB
1,tódul,VERB
1,Többé-itt-ne-lát,VERB
1,tiz,VERB
1,titkol,VERB
1,titkolózik,VERB
1,tisztul,VERB
1,tipor,VERB
1,tipeg,VERB
1,tilt,VERB
1,téveszt,VERB
1,téved,VERB
1,tetovál,VERB
1,tétetik,VERB
1,tervez,VERB
1,terjeszt,VERB
1,teritesz,VERB
1,terhel,VERB
1,terelget,VERB
1,tépdes,VERB
1,teleszív,VERB
1,telesír,VERB
1,telefonoz,VERB
1,telefirkál,VERB
1,tébolyul,VERB
1,tébolyog,VERB
1,távozik,VERB
1,tavasz,VERB
1,tátong,VERB
1,tartogat,VERB
1,társul,VERB
1,tapsikol,VERB
1,tapogat,VERB
1,tapod,VERB
1,tapint,VERB
1,tapaszt,VERB
1,tanuskod,VERB
1,tanuskodik,VERB
1,taní,VERB
1,tanít,VERB
1,talpal,VERB
1,takarózik,VERB
1,takaródzz,VERB
1,tágul,VERB
1,szűr,VERB
1,szurkál,VERB
1,szunnyadozik,VERB
1,szűk,VERB
1,szűkül,VERB
1,szükség,VERB
1,szublimál,VERB
1,szövöget,VERB
1,szoroz,VERB
1,szorong,VERB
1,szörnyed,VERB
1,szórakozik,VERB
1,szop,VERB
1,szoptat,VERB
1,szopogat,VERB
1,szopik,VERB
1,szomorít,VERB
1,szomjaz,VERB
1,szolgáltat,VERB
1,szöktet,VERB
1,szoktat,VERB
1,szökell,VERB
1,Sziv,VERB
1,sziv,VERB
1,szitkozódik,VERB
1,szisszen,VERB
1,szimatol,VERB
1,szikrázik,VERB
1,szétver,VERB
1,szétveret,VERB
1,szétterül,VERB
1,széttár,VERB
1,szétszáll,VERB
1,szétszakad,VERB
1,szétsárgul,VERB
1,szétpereg,VERB
1,szétoson,VERB
1,szétmarcangol,VERB
1,szétkapkod,VERB
1,széthasad,VERB
1,széthajigál,VERB
1,szétgurul,VERB
1,szétfut,VERB
1,szétfeszít,VERB
1,szétfeccsen,VERB
1,szétesik,VERB
1,szétbomlaszt,VERB
1,szertepillant,VERB
1,szertehány,VERB
1,szertefut,VERB
1,szertedübög,VERB
1,szépül,VERB
1,szépség-ver,VERB
1,szennyeződik,VERB
1,szemtelenkedik,VERB
1,szemlélget,VERB
1,szemel,VERB
1,szemelget,VERB
1,szembeszáll,VERB
1,széltör,VERB
1,szelektül,VERB
1,szekerez,VERB
1,széjjelválik,VERB
1,széjjeltördel,VERB
1,széjjelkapkod,VERB
1,szégyenel,VERB
1,szaval,VERB
1,szárnya-old,VERB
1,származik,VERB
1,szárít,VERB
1,szaporít,VERB
1,szaporáz,VERB
1,szántogat,VERB
1,számolódik,VERB
1,számlál,VERB
1,szaladgál,VERB
1,szakaszt,VERB
1,szakajt,VERB
1,szagosodik,VERB
1,szaglászik,VERB
1,szabadít,VERB
1,sustorog,VERB
1,sűrűlő,VERB
1,süpped,VERB
1,sül,VERB
1,sújt,VERB
1,suhint,VERB
1,súg,VERB
1,sugárzik,VERB
1,sóvárog,VERB
1,sötétedik,VERB
1,sorvaszt,VERB
1,sorbaáll,VERB
1,söpör,VERB
1,sopánkodik,VERB
1,sokasodik,VERB
1,sohajt,VERB
1,sivít,VERB
1,sistereg,VERB
1,sir,VERB
1,sirdogál,VERB
1,siratgat,VERB
1,Símogat,VERB
1,símogat,VERB
1,sietnem,VERB
1,setteng,VERB
1,serken,VERB
1,serkent,VERB
1,serénykedik,VERB
1,seregel,VERB
1,semmisül,VERB
1,sejhajozik,VERB
1,sejdít,VERB
1,segit,VERB
1,segithetesz,VERB
1,sebesedik,VERB
1,sarjadzik,VERB
1,sarjad,VERB
1,sandít,VERB
1,sakkozik,VERB
1,sajtolódik,VERB
1,rügyezik,VERB
1,rúgkapál,VERB
1,rugdos,VERB
1,rugdal,VERB
1,rozsdalyukaszt,VERB
1,ró,VERB
1,röppent,VERB
1,roppan,VERB
1,ropog,VERB
1,rongyoskodik,VERB
1,romlik,VERB
1,rögződik,VERB
1,röffen,VERB
1,robog,VERB
1,rikoltoz,VERB
1,rikkan,VERB
1,riaszt,VERB
1,rezdül,VERB
1,révül,VERB
1,rettent,VERB
1,reszel,VERB
1,restel,VERB
1,repeszt,VERB
1,repes,VERB
1,rendez,VERB
1,regél,VERB
1,rebeg,VERB
1,Rebbent,VERB
1,reátalál,VERB
1,reápacskol,VERB
1,reálehel,VERB
1,rávonít,VERB
1,ráugrik,VERB
1,rátipor,VERB
1,rászór,VERB
1,rárepül,VERB
1,rápislog,VERB
1,ráomlik,VERB
1,ránéz,VERB
1,ránevet,VERB
1,rándul,VERB
1,rámond,VERB
1,rámol,VERB
1,rámnevet,VERB
1,rámkacsint,VERB
1,rámered,VERB
1,rálehel,VERB
1,rajzol,VERB
1,rajtakap,VERB
1,rájön,VERB
1,ráhány,VERB
1,ragaszkodik,VERB
1,ráeszmél,VERB
1,ráér,VERB
1,rádhuzik,VERB
1,rácsókol,VERB
1,rábök,VERB
1,rábíz,VERB
1,puffan,VERB
1,prüsszen,VERB
1,potyogtat,VERB
1,porzik,VERB
1,portyázik,VERB
1,porlik,VERB
1,porladozik,VERB
1,porbelep,VERB
1,pompázik,VERB
1,pókhálóföd,VERB
1,pofoz,VERB
1,pityereg,VERB
1,pirul,VERB
1,pirongat,VERB
1,pirkad,VERB
1,pipázik,VERB
1,pipál,VERB
1,pingál,VERB
1,pihéz,VERB
1,pezseg,VERB
1,pezsdül,VERB
1,perzsel,VERB
1,perkál,VERB
1,peng,VERB
1,penget,VERB
1,pattant,VERB
1,pártol,VERB
1,pártfogol,VERB
1,párosul,VERB
1,parancsol,VERB
1,páralep,VERB
1,papol,VERB
1,panaszkodik,VERB
1,pajtáskodik,VERB
1,pácol,VERB
1,packázik,VERB
1,osztozkodik,VERB
1,ösztökél,VERB
1,oszol,VERB
1,oszladozik,VERB
1,összevét,VERB
1,összeveszik,VERB
1,összevegyül,VERB
1,összetéveszt,VERB
1,összeszid,VERB
1,összeroppan,VERB
1,összerogy,VERB
1,összerág,VERB
1,összeölelkezik,VERB
1,összenyom,VERB
1,összenevet,VERB
1,összemosolyog,VERB
1,összemászik,VERB
1,összeköt,VERB
1,összekoccan,VERB
1,összeken,VERB
1,összekacag,VERB
1,összehúzódik,VERB
1,összegyüjt,VERB
1,összegyüjthet,VERB
1,összeér,VERB
1,összedug,VERB
1,összecsókol,VERB
1,összecsókolózik,VERB
1,összecíbál,VERB
1,összebúj,VERB
1,összebugyog,VERB
1,összeborul,VERB
1,összebogozódik,VERB
1,összébbhúz,VERB
1,örvendezik,VERB
1,őrül,VERB
1,örököl,VERB
1,őrjöng,VERB
1,őrjít,VERB
1,öregedik,VERB
1,olvashatni,VERB
1,olt,VERB
1,oltalmaz,VERB
1,oldozik,VERB
1,öldököl,VERB
1,okul,VERB
1,okoskodik,VERB
1,öklel,VERB
1,öklelődik,VERB
1,okádik,VERB
1,ój,VERB
1,ojt,VERB
1,őgyeleg,VERB
1,odavan,VERB
1,odavág,VERB
1,odaül,VERB
1,odatopog,VERB
1,odatesz,VERB
1,odaszáll,VERB
1,odasikolt,VERB
1,odanyújt,VERB
1,odajár,VERB
1,odaindul,VERB
1,odaindít,VERB
1,odahúz,VERB
1,odahallik,VERB
1,odaér,VERB
1,odadől,VERB
1,odaajándékoz,VERB
1,öblöget,VERB
1,öblít,VERB
1,nyúz,VERB
1,nyúlik,VERB
1,nyuj,VERB
1,nyujtóz,VERB
1,nyujtózkodik,VERB
1,nyújtózik,VERB
1,nyugtat,VERB
1,nyomorúl,VERB
1,nyomorog,VERB
1,nyikorog,VERB
1,nyihog,VERB
1,nyes,VERB
1,nyargal,VERB
1,nyalogat,VERB
1,nyakal,VERB
1,növekszik,VERB
1,nőszik,VERB
1,nógat,VERB
1,nézelődik,VERB
1,nevez,VERB
1,nevetgél,VERB
1,nevelkedik,VERB
1,nem-van,VERB
1,nekivicsorít,VERB
1,nekivadúl,VERB
1,nekilát,VERB
1,nekibúsul,VERB
1,nedvesedik,VERB
1,napsüt,VERB
1,nagyranyilt,VERB
1,munkál,VERB
1,mul,VERB
1,mulatozik,VERB
1,mozdít,VERB
1,most-tép,VERB
1,mosolyodik,VERB
1,mosogat,VERB
1,mosdik,VERB
1,mosdat,VERB
1,mosakodik,VERB
1,morzsol,VERB
1,mordul,VERB
1,mocorog,VERB
1,mintáz,VERB
1,mímel,VERB
1,metsz,VERB
1,meszesedik,VERB
1,meszel,VERB
1,messzenéz,VERB
1,méricskél,VERB
1,mérgelődik,VERB
1,merevül,VERB
1,ment,VERB
1,mennydörög,VERB
1,mennem,VERB
1,mendegél,VERB
1,mélyed,VERB
1,melegít,VERB
1,mélázik,VERB
1,megzavar,VERB
1,megvillan,VERB
1,megvillant,VERB
1,megvet,VERB
1,megvereget,VERB
1,megvéd,VERB
1,megvasal,VERB
1,megvár,VERB
1,megvált,VERB
1,megvalósul,VERB
1,megválogat,VERB
1,megvallat,VERB
1,megüt,VERB
1,megún,VERB
1,megül,VERB
1,megtűr,VERB
1,megtud,VERB
1,megtréfál,VERB
1,megtrágyáz,VERB
1,megtör,VERB
1,megtorpan,VERB
1,megtöm,VERB
1,megtéveszt,VERB
1,megtárul,VERB
1,megtapogat,VERB
1,megtagad,VERB
1,megszül,VERB
1,megszületik,VERB
1,megszól,VERB
1,megszólal,VERB
1,megszökik,VERB
1,megszerkeszt,VERB
1,megszépül,VERB
1,megszán,VERB
1,megszáll,VERB
1,megszalad,VERB
1,megszagol,VERB
1,megszabadul,VERB
1,megszabadít,VERB
1,megsüt,VERB
1,megsirat,VERB
1,megsímogat,VERB
1,megsimogat,VERB
1,megsemmisül,VERB
1,megsegít,VERB
1,megsegél,VERB
1,megsavanyodik,VERB
1,megsajnál,VERB
1,megroppant,VERB
1,megriaszt,VERB
1,megrezget,VERB
1,megrenget,VERB
1,megrendül,VERB
1,megrándul,VERB
1,megrabol,VERB
1,megpörkölődik,VERB
1,megpönget,VERB
1,megpenészedik,VERB
1,megpattan,VERB
1,megoszt,VERB
1,megosztozik,VERB
1,megoszlik,VERB
1,megőrjít,VERB
1,megőriz,VERB
1,megöregszik,VERB
1,megöregedik,VERB
1,megöklösödik,VERB
1,megöblít,VERB
1,megnyúz,VERB
1,megnyurgul,VERB
1,megnyílik,VERB
1,megnő,VERB
1,megnehezít,VERB
1,megmozdul,VERB
1,megmosdat,VERB
1,megmerevül,VERB
1,megmered,VERB
1,megmelegít,VERB
1,meg-megsimít,VERB
1,meg-megráncigál,VERB
1,meg-megcsillant,VERB
1,megmar,VERB
1,meglohad,VERB
1,meglódul,VERB
1,meglocsol,VERB
1,meglesz,VERB
1,meglep,VERB
1,meglehet,VERB
1,meglebbent,VERB
1,meglátszik,VERB
1,megközelít,VERB
1,megkövez,VERB
1,megkövetel,VERB
1,megkér,VERB
1,megkerül,VERB
1,megkérlel,VERB
1,megkarcol,VERB
1,megkap,VERB
1,megjelöl,VERB
1,megizel,VERB
1,megiszik,VERB
1,meghúzódik,VERB
1,meghülyül,VERB
1,meghül,VERB
1,meghordoz,VERB
1,meghökken,VERB
1,meghódol,VERB
1,meghízik,VERB
1,meghív,VERB
1,meghemperget,VERB
1,megházasodik,VERB
1,meghál,VERB
1,meghajol,VERB
1,meghajlik,VERB
1,meggyűlik,VERB
1,meggyógyít,VERB
1,meggyaláz,VERB
1,meggörbül,VERB
1,megful,VERB
1,megfullad,VERB
1,megfulad,VERB
1,megformál,VERB
1,megfon,VERB
1,megfontol,VERB
1,megfojt,VERB
1,megfogan,VERB
1,megfizet,VERB
1,megfeneklik,VERB
1,megfej,VERB
1,megfázik,VERB
1,megfarag,VERB
1,megfárad,VERB
1,megeszik,VERB
1,megesik,VERB
1,megerjed,VERB
1,megérik,VERB
1,megérdemel,VERB
1,megenyhül,VERB
1,megenged,VERB
1,megemel,VERB
1,megél,VERB
1,megelégszik,VERB
1,megéget,VERB
1,megedz,VERB
1,megduzzad,VERB
1,megdördül,VERB
1,megdohosodik,VERB
1,megdöbben,VERB
1,megdicsőül,VERB
1,megdermed,VERB
1,megdagad,VERB
1,megcsudál,VERB
1,megcsörren,VERB
1,megcsinál,VERB
1,megcsillan,VERB
1,megcsal,VERB
1,megbuv,VERB
1,megbukik,VERB
1,megbotoz,VERB
1,megbotlik,VERB
1,megborzong,VERB
1,megbolondul,VERB
1,megbök,VERB
1,megbodorít,VERB
1,megbocsájt,VERB
1,megbillen,VERB
1,megbetegedik,VERB
1,megbékül,VERB
1,megbékél,VERB
1,megbántódik,VERB
1,megállat,VERB
1,megállapithat,VERB
1,megalkot,VERB
1,más-gyötör,VERB
1,márt,VERB
1,marsol,VERB
1,markol,VERB
1,marasztal,VERB
1,mankóz,VERB
1,mál,VERB
1,majszik,VERB
1,magasodik,VERB
1,magagyújt,VERB
1,lüszi,VERB
1,lüktet,VERB
1,lúgosít,VERB
1,ludbőrzz,VERB
1,lövell,VERB
1,lovárul,VERB
1,lopózkodik,VERB
1,lombozik,VERB
1,lombosodik,VERB
1,lökdös,VERB
1,locsolgat,VERB
1,lobogtat,VERB
1,lobbant,VERB
1,lóbál,VERB
1,licitál,VERB
1,lezuhan,VERB
1,levon,VERB
1,levetkezik,VERB
1,leüt,VERB
1,leülepszik,VERB
1,leülepedik,VERB
1,leugrik,VERB
1,letörül,VERB
1,letöröl,VERB
1,letipor,VERB
1,letelik,VERB
1,letaglóz,VERB
1,leszel,VERB
1,leszed,VERB
1,leszalad,VERB
1,leszakit,VERB
1,leszaggat,VERB
1,lesüt,VERB
1,lesújt,VERB
1,lesikál,VERB
1,leront,VERB
1,lerogy,VERB
1,lepipál,VERB
1,lepereg,VERB
1,lépeget,VERB
1,lépdel,VERB
1,leömlik,VERB
1,leöl,VERB
1,leold,VERB
1,lenyúl,VERB
1,lenyilaz,VERB
1,lenyel,VERB
1,lemosakodik,VERB
1,lemér,VERB
1,lelógat,VERB
1,lelekez,VERB
1,lekonyúl,VERB
1,lékel,VERB
1,lejár,VERB
1,leint,VERB
1,lehúz,VERB
1,lehűt,VERB
1,lehorpad,VERB
1,leheveredik,VERB
1,lehány,VERB
1,lehámlik,VERB
1,lehajol,VERB
1,lehajlik,VERB
1,legelészik,VERB
1,lefülel,VERB
1,lefog,VERB
1,lefektet,VERB
1,lefejt,VERB
1,lefagy,VERB
1,leesik,VERB
1,leejt,VERB
1,lecsúszik,VERB
1,lecsurog,VERB
1,lecsüng,VERB
1,lecsuk,VERB
1,lecsöpög,VERB
1,lecipel,VERB
1,lebont,VERB
1,lebeszél,VERB
1,learat,VERB
1,leamputál,VERB
1,látott-hall,VERB
1,latol,VERB
1,látogat,VERB
1,lappang,VERB
1,lapdázik,VERB
1,lankaszt,VERB
1,langyul,VERB
1,lángol,VERB
1,lakmárzol,VERB
1,lakatol,VERB
1,lágyul,VERB
1,lábrakap,VERB
1,lábraáll,VERB
1,lábad,VERB
1,kűzd,VERB
1,kushad,VERB
1,kuncog,VERB
1,kuksol,VERB
1,kukorékol,VERB
1,kovászol,VERB
1,kotródik,VERB
1,kotor,VERB
1,kotorászik,VERB
1,koszorúz,VERB
1,köszörűl,VERB
1,köszönt,VERB
1,köszöntl,VERB
1,köszönget,VERB
1,kószál,VERB
1,koslat,VERB
1,körülvesz,VERB
1,körülszimatol,VERB
1,körülkerül,VERB
1,körüljár,VERB
1,körülhasal,VERB
1,körüláll,VERB
1,kortyolgat,VERB
1,kortyant,VERB
1,kornyikál,VERB
1,kormoz,VERB
1,korcsolyáz,VERB
1,koráll,VERB
1,koppan,VERB
1,koppant,VERB
1,köpköd,VERB
1,kopik,VERB
1,kopaszodik,VERB
1,könyvel,VERB
1,könyököl,VERB
1,konyít,VERB
1,könyez,VERB
1,konnyad,VERB
1,komorul,VERB
1,kölcsönkér,VERB
1,kohol,VERB
1,köhög,VERB
1,köhöget,VERB
1,ködlep,VERB
1,kóborol,VERB
1,kóborog,VERB
1,kivisz,VERB
1,kivirul,VERB
1,kivirágzik,VERB
1,kivész,VERB
1,kivesz,VERB
1,kiver,VERB
1,kivénhedik,VERB
1,kivár,VERB
1,kiván,VERB
1,kiugrik,VERB
1,kitüz,VERB
1,kitol,VERB
1,kitölt,VERB
1,kiterül,VERB
1,kitép,VERB
1,kitántorog,VERB
1,kitágul,VERB
1,kiszökik,VERB
1,kiszív,VERB
1,kiszédül,VERB
1,kiszalad,VERB
1,kiszakad,VERB
1,kisüt,VERB
1,kisül,VERB
1,kisért,VERB
1,kisértet,VERB
1,kirúg,VERB
1,kiront,VERB
1,kiröhög,VERB
1,kirobog,VERB
1,kipusztul,VERB
1,kipörög,VERB
1,kipirul,VERB
1,kipereg,VERB
1,kipányváz,VERB
1,kiont,VERB
1,kiolvad,VERB
1,kiolt,VERB
1,kinyúlik,VERB
1,kinyújt,VERB
1,kinyujtóz,VERB
1,kinyujtózik,VERB
1,kinyög,VERB
1,kinyit,VERB
1,kinyil,VERB
1,kínlódik,VERB
1,kinéz,VERB
1,kina,VERB
1,kinál,VERB
1,kimászik,VERB
1,kilop,VERB
1,kilóg,VERB
1,kilógat,VERB
1,kilábol,VERB
1,kiköt,VERB
1,kikönyörög,VERB
1,kikér,VERB
1,kikerül,VERB
1,kikél,VERB
1,kikel,VERB
1,kikapcsol,VERB
1,kikalapál,VERB
1,kijavit,VERB
1,kihúny,VERB
1,kihullik,VERB
1,kihirdet,VERB
1,kihány,VERB
1,kihajol,VERB
1,kigyujt,VERB
1,kifuttat,VERB
1,kifoszt,VERB
1,kifoszlik,VERB
1,kiforr,VERB
1,kifordul,VERB
1,kieszel,VERB
1,kiesik,VERB
1,kiemel,VERB
1,kiejt,VERB
1,kiegyezik,VERB
1,kiég,VERB
1,kiéget,VERB
1,kidül,VERB
1,kidug,VERB
1,kidől,VERB
1,kidob,VERB
1,kidagad,VERB
1,kicsúszik,VERB
1,kicsurran,VERB
1,kicsurog,VERB
1,kicsordul,VERB
1,kicsikar,VERB
1,kicserél,VERB
1,kicsattan,VERB
1,kibúvik,VERB
1,kibukkan,VERB
1,kibújik,VERB
1,kibuggyan,VERB
1,kibir,VERB
1,kibékül,VERB
1,kibámul,VERB
1,kiapad,VERB
1,kialszik,VERB
1,kialakúl,VERB
1,kiaggat,VERB
1,kiad,VERB
1,kezdődik,VERB
1,készülődik,VERB
1,készít,VERB
1,kés-él,VERB
1,kérlel,VERB
1,kergetőz,VERB
1,kergetőzik,VERB
1,keresztülnéz,VERB
1,keresztülgázol,VERB
1,keresztel,VERB
1,kereskedik,VERB
1,képed,VERB
1,kényszerít,VERB
1,kényesít,VERB
1,ken,VERB
1,kendőzik,VERB
1,kémlel,VERB
1,kelnem,VERB
1,kellet,VERB
1,kéklik,VERB
1,kecsegtet,VERB
1,kávézik,VERB
1,kaszál,VERB
1,kásásodik,VERB
1,karosul,VERB
1,káromol,VERB
1,kapirgál,VERB
1,kapdos,VERB
1,kaparászik,VERB
1,kapálódzik,VERB
1,kanyarog,VERB
1,kanyarít,VERB
1,kántál,VERB
1,kandít,VERB
1,kancsalít,VERB
1,kalimpál,VERB
1,kacsint,VERB
1,kábul,VERB
1,kábít,VERB
1,jön-megy,VERB
1,jóltép,VERB
1,jólsző,VERB
1,jelöl,VERB
1,jellemszinész,VERB
1,jelenik,VERB
1,jászol,VERB
1,járul,VERB
1,jártat,VERB
1,Jár-kel,VERB
1,jajong,VERB
1,ízz,VERB
1,ízzik,VERB
1,izlik,VERB
1,izgat,VERB
1,i,VERB
1,ittfelejt,VERB
1,Istenünk-rak,VERB
1,istenkéz,VERB
1,ismétel,VERB
1,irunk,VERB
1,Irul-pirul,VERB
1,irt,VERB
1,irígyel,VERB
1,irigyel,VERB
1,irgalmaz,VERB
1,internál,VERB
1,ing,VERB
1,ing-leng,VERB
1,ingerkedik,VERB
1,incseleg,VERB
1,inal,VERB
1,imhol,VERB
1,imbolyog,VERB
1,illatozik,VERB
1,illatosít,VERB
1,iktat,VERB
1,ijeszt,VERB
1,igyekezik,VERB
1,igér,VERB
1,igazodik,VERB
1,idevon,VERB
1,ideszédül,VERB
1,idesereglik,VERB
1,ideránt,VERB
1,ideráncigál,VERB
1,ideönt,VERB
1,idenyög,VERB
1,idenéz,VERB
1,idemormol,VERB
1,ideköt,VERB
1,idejön,VERB
1,ideidéz,VERB
1,ideáll,VERB
1,iddogál,VERB
1,húz-vonz,VERB
1,Huzódzkodik,VERB
1,hüvösödik,VERB
1,hüvöslő,VERB
1,hütötted,VERB
1,húny,VERB
1,hül,VERB
1,hullong,VERB
1,huhog,VERB
1,hozzáharap,VERB
1,hortyog,VERB
1,hörpöl,VERB
1,hörpint,VERB
1,horkol,VERB
1,hordoz,VERB
1,homlokárul,VERB
1,holdaz,VERB
1,hógolyóz,VERB
1,hóborít,VERB
1,hóbefed,VERB
1,hizlal,VERB
1,hízik,VERB
1,hízeleg,VERB
1,hivtál,VERB
1,hiteget,VERB
1,hintnek,VERB
1,hintál,VERB
1,hímez,VERB
1,higyjük,VERB
1,higyjetek,VERB
1,hiányzik,VERB
1,hevít,VERB
1,heveredik,VERB
1,hessent,VERB
1,hervadozik,VERB
1,herél,VERB
1,hemzseg,VERB
1,helyezkedik,VERB
1,hegyezik,VERB
1,hazavezettet,VERB
1,hazavár,VERB
1,hazaterel,VERB
1,hazaszólít,VERB
1,házasul,VERB
1,hazamegy,VERB
1,hazakívánkozik,VERB
1,hazahoz,VERB
1,hazafut,VERB
1,hat,VERB
1,hátranéz,VERB
1,hátrafordul,VERB
1,hátradül,VERB
1,használ,VERB
1,hasonlit,VERB
1,hasad,VERB
1,harsan,VERB
1,harmónikázik,VERB
1,harcolnom,VERB
1,harapdál,VERB
1,harangoz,VERB
1,hápog,VERB
1,hányni-vet,VERB
1,hánt,VERB
1,hangzik,VERB
1,Hancuroz,VERB
1,hancuroz,VERB
1,hamvaszt,VERB
1,hamvad,VERB
1,hálósző,VERB
1,hallelu,VERB
1,halkul,VERB
1,hajszol,VERB
1,hajóz,VERB
1,hajlong,VERB
1,hajigál,VERB
1,hajbókol,VERB
1,hágy,VERB
1,hadonászik,VERB
1,habzik,VERB
1,háborog,VERB
1,habar,VERB
1,gyűrődik,VERB
1,gyul,VERB
1,gyűlöl,VERB
1,gyülöl,VERB
1,gyujt,VERB
1,gyötrődöl,VERB
1,gyón,VERB
1,gyöngyöz,VERB
1,gyógyul,VERB
1,gyógyít,VERB
1,gyászol,VERB
1,gyarapodik,VERB
1,gyámolít,VERB
1,gyalul,VERB
1,gurít,VERB
1,guritja,VERB
1,gunnyaszt,VERB
1,gubbaszt,VERB
1,görget,VERB
1,görbít,VERB
1,görbit,VERB
1,göndörít,VERB
1,gondolkozik,VERB
1,gittel,VERB
1,gépfegyver-züm-züm,VERB
1,gennyezik,VERB
1,gagyog,VERB
1,fuvoláz,VERB
1,fuvall,VERB
1,fütyörészik,VERB
1,futos,VERB
1,futballozik,VERB
1,fürdet,VERB
1,fúj,VERB
1,fujt,VERB
1,fujtad,VERB
1,függeszt,VERB
1,fröccsen,VERB
1,frissül,VERB
1,főzik,VERB
1,foszt,VERB
1,foszladoz,VERB
1,forgolódik,VERB
1,fontolgat,VERB
1,fönnakad,VERB
1,fonat,VERB
1,folytatódik,VERB
1,folyamodik,VERB
1,fölvonul,VERB
1,fölvet,VERB
1,fölverődik,VERB
1,fölvág,VERB
1,fölüvölt,VERB
1,fölül,VERB
1,föltép,VERB
1,föltaszít,VERB
1,föltalál,VERB
1,fölszól,VERB
1,fölszív,VERB
1,fölszaggat,VERB
1,fölszabadul,VERB
1,fölsikolt,VERB
1,fölsikál,VERB
1,fölrúg,VERB
1,Fölrug,VERB
1,fölrobban,VERB
1,fölriaszt,VERB
1,fölriad,VERB
1,fölráz,VERB
1,fölpirul,VERB
1,fölpattan,VERB
1,fölolvashatol,VERB
1,fölold,VERB
1,föloldoz,VERB
1,fölnyúlik,VERB
1,fölnyujt,VERB
1,fölnyög,VERB
1,fölmutat,VERB
1,fölmond,VERB
1,fölmér,VERB
1,fölmegy,VERB
1,föllobog,VERB
1,föllel,VERB
1,föllebeg,VERB
1,fölkiált,VERB
1,fölkészül,VERB
1,fölkeres,VERB
1,fölken,VERB
1,fölkacag,VERB
1,följelent,VERB
1,fölismer,VERB
1,fölindul,VERB
1,fölhúz,VERB
1,fölhajít,VERB
1,fölgyül,VERB
1,fölgyógyul,VERB
1,föl-fölmutat,VERB
1,föl-földereng,VERB
1,fölfeslik,VERB
1,fölfakaszt,VERB
1,fölfakad,VERB
1,fölér,VERB
1,fölenged,VERB
1,fölemelkedik,VERB
1,föléhajol,VERB
1,fölébred,VERB
1,földuzzad,VERB
1,földbeszúr,VERB
1,földagad,VERB
1,fölcserél,VERB
1,fölbukik,VERB
1,fölbúg,VERB
1,fölbotorkál,VERB
1,fölbömböl,VERB
1,fölbámészkodik,VERB
1,fölakasztódik,VERB
1,fölajánl,VERB
1,főjjön,VERB
1,fogózik,VERB
1,fogócskázik,VERB
1,foglalkozik,VERB
1,fogdos,VERB
1,fogadkozik,VERB
1,fodorul,VERB
1,fitymál,VERB
1,fityeg,VERB
1,finomúl,VERB
1,figyelmeztet,VERB
1,fetreng,VERB
1,feszűl,VERB
1,fészkel,VERB
1,feszít,VERB
1,feszeng,VERB
1,fésül,VERB
1,fércel,VERB
1,fényesül,VERB
1,fényesedik,VERB
1,felvesz,VERB
1,felüt,VERB
1,felül,VERB
1,félt,VERB
1,feltűnik,VERB
1,félszegül,VERB
1,felszáll,VERB
1,felszakad,VERB
1,felriad,VERB
1,félrevezet,VERB
1,félrerángat,VERB
1,felölt,VERB
1,felnövekedik,VERB
1,fellök,VERB
1,fellobog,VERB
1,felköt,VERB
1,felköszönt,VERB
1,felkel,VERB
1,feljut,VERB
1,feljön,VERB
1,felhatol,VERB
1,felgyujt,VERB
1,felfordul,VERB
1,felfedez,VERB
1,felelget,VERB
1,feldönt,VERB
1,felbukkan,VERB
1,felakaszt,VERB
1,fektet,VERB
1,fehérül,VERB
1,fehérlik,VERB
1,fegyverkezik,VERB
1,fedez,VERB
1,feccsen,VERB
1,falvan,VERB
1,falbaverdes,VERB
1,falazik,VERB
1,fakaszt,VERB
1,fájárul,VERB
1,facsar,VERB
1,Ettem-iszik,VERB
1,esz,VERB
1,észreveszik,VERB
1,eszmél,VERB
1,esküdik,VERB
1,eseng,VERB
1,esdekel,VERB
1,erősit,VERB
1,erősbít,VERB
1,erőlködik,VERB
1,erjedik,VERB
1,érint,VERB
1,ereszkedik,VERB
1,érdekel,VERB
1,eped,VERB
1,enyhül,VERB
1,ennie,VERB
1,emészt,VERB
1,elzokog,VERB
1,elzár,VERB
1,elzárkózik,VERB
1,elvon,VERB
1,elvonul,VERB
1,elvitorlázik,VERB
1,elvillan,VERB
1,elvezet,VERB
1,elvetődik,VERB
1,elvetemül,VERB
1,elveszt,VERB
1,elveszít,VERB
1,elvermel,VERB
1,elvérez,VERB
1,elvégez,VERB
1,elvadul,VERB
1,elüt,VERB
1,elutazik,VERB
1,elúszik,VERB
1,eltün,VERB
1,Eltünődik,VERB
1,eltünődik,VERB
1,eltorzul,VERB
1,eltör,VERB
1,eltöm,VERB
1,eltoloncol,VERB
1,eltipor,VERB
1,éltet,VERB
1,eltéritődik,VERB
1,eltékozol,VERB
1,eltávozik,VERB
1,eltanácsol,VERB
1,eltakarodik,VERB
1,elszelel,VERB
1,elszéled,VERB
1,elszárad,VERB
1,elszámol,VERB
1,elszakít,VERB
1,elsötétít,VERB
1,elsorvad,VERB
1,elsirat,VERB
1,elsímul,VERB
1,elsiklik,VERB
1,elsiet,VERB
1,elrontsz,VERB
1,elromlik,VERB
1,elrombol,VERB
1,elrohan,VERB
1,elrobog,VERB
1,elrévedezik,VERB
1,elrepül,VERB
1,elrepeszt,VERB
1,elrejt,VERB
1,elrebben,VERB
1,elporlik,VERB
1,elpereg,VERB
1,elpazarol,VERB
1,elpatkol,VERB
1,előtalál,VERB
1,előrenyomul,VERB
1,elöregszik,VERB
1,előrebiccen,VERB
1,elöl,VERB
1,elolvad,VERB
1,elold,VERB
1,eloldalog,VERB
1,előkotor,VERB
1,előkanyarul,VERB
1,előhajol,VERB
1,előbúvik,VERB
1,előbukkan,VERB
1,elnyúl,VERB
1,elnyel,VERB
1,élnünk,VERB
1,elnémul,VERB
1,elnehezül,VERB
1,elmul,VERB
1,elmúlik,VERB
1,elmos,VERB
1,elmosogat,VERB
1,elmorzsol,VERB
1,elmetél,VERB
1,elmerül,VERB
1,ellustul,VERB
1,ellök,VERB
1,ellobban,VERB
1,ellik,VERB
1,ellibben,VERB
1,ellesz,VERB
1,ellép,VERB
1,ellep,VERB
1,ellebeg,VERB
1,elkövet,VERB
1,elkövesedik,VERB
1,elkorcsul,VERB
1,elkopik,VERB
1,elkészül,VERB
1,elképzel,VERB
1,elkel,VERB
1,elkaparítnak,VERB
1,elkábít,VERB
1,eljut,VERB
1,eljátszik,VERB
1,eljárogál,VERB
1,elittad,VERB
1,elítél,VERB
1,eliszik,VERB
1,elillan,VERB
1,elidőzik,VERB
1,elhuzódik,VERB
1,elhord,VERB
1,elhigyjük,VERB
1,elhervaszt,VERB
1,elhal,VERB
1,elhalványul,VERB
1,elhajol,VERB
1,elful,VERB
1,elfoszlik,VERB
1,elfolyik,VERB
1,elfog,VERB
1,elfoglal,VERB
1,elfödik,VERB
1,elfed,VERB
1,elfedez,VERB
1,életre-ébred,VERB
1,eleped,VERB
1,elenyészik,VERB
1,elénekel,VERB
1,elémjön,VERB
1,el-elgondolkozik,VERB
1,eléget,VERB
1,elégedik,VERB
1,eldöngöl,VERB
1,elcsendül,VERB
1,elcsendesül,VERB
1,elbúsul,VERB
1,elbukik,VERB
1,elbújik,VERB
1,elbujdostat,VERB
1,elbujdosik,VERB
1,elbúcsúzik,VERB
1,elbosszankodik,VERB
1,elborong,VERB
1,elbőg,VERB
1,elbánik,VERB
1,elbámészkodik,VERB
1,elballag,VERB
1,elás,VERB
1,elapad,VERB
1,elaltat,VERB
1,elágazik,VERB
1,ékesitesz,VERB
1,éhesik,VERB
1,együtthal,VERB
1,egyremegy,VERB
1,edzzük,VERB
1,ébredezik,VERB
1,ebédel,VERB
1,duzzad,VERB
1,durúzsol,VERB
1,durrog,VERB
1,dűl,VERB
1,dülöng,VERB
1,dühödik,VERB
1,dúg,VERB
1,dudorászik,VERB
1,dúdol,VERB
1,dudol,VERB
1,dudál,VERB
1,dorongol,VERB
1,dörömböl,VERB
1,dörgöl,VERB
1,dörgölőzik,VERB
1,dörgölődzik,VERB
1,dönög,VERB
1,donog,VERB
1,döngöl,VERB
1,dohog,VERB
1,dögbűz,VERB
1,döf,VERB
1,döfköd,VERB
1,dobol,VERB
1,Dícsér,VERB
1,dícsérhe,VERB
1,deszkáz,VERB
1,deszka,VERB
1,derül,VERB
1,deltetesz,VERB
1,delel,VERB
1,dédelget,VERB
1,darázslep,VERB
1,dagasztódik,VERB
1,dacol,VERB
1,cukrozik,VERB
1,csuszkál,VERB
1,csúszik,VERB
1,csügged,VERB
1,csudálkozik,VERB
1,csörren,VERB
1,csordul,VERB
1,csördít,VERB
1,csorbít,VERB
1,csónakázik,VERB
1,csolnakázik,VERB
1,csókolódik,VERB
1,csókolgat,VERB
1,csodálkozik,VERB
1,csiszol,VERB
1,csinosodik,VERB
1,csikorog,VERB
1,csikorgat,VERB
1,csikar,VERB
1,csihol,VERB
1,csicsít,VERB
1,Csicsitgatom,VERB
1,cseveg,VERB
1,csettint,VERB
1,csetten,VERB
1,csenget,VERB
1,cselleng,VERB
1,cselekedik,VERB
1,csatlakozik,VERB
1,csapzik,VERB
1,csappan,VERB
1,csapódik,VERB
1,csámcsog,VERB
1,cívódik,VERB
1,civakodik,VERB
1,citeráz,VERB
1,citerázik,VERB
1,cikáz,VERB
1,cicázik,VERB
1,cammog,VERB
1,bűzlik,VERB
1,buvunk,VERB
1,bűvöl,VERB
1,busong,VERB
1,búsít,VERB
1,burkolózik,VERB
1,bujkál,VERB
1,bujdosódik,VERB
1,bujdokol,VERB
1,bucsúzik,VERB
1,Bronz-ajakad,VERB
1,botorul,VERB
1,bosszant,VERB
1,bosszankodik,VERB
1,borúl,VERB
1,borotvál,VERB
1,bomol,VERB
1,bömbölődik,VERB
1,bolyog,VERB
1,bolondoz,VERB
1,bolondít,VERB
1,bókol,VERB
1,bődül,VERB
1,bódul,VERB
1,bódít,VERB
1,bóbiskol,VERB
1,bíz,VERB
1,Biz,VERB
1,biz,VERB
1,biztat,VERB
1,bizsereg,VERB
1,bizik,VERB
1,billeg,VERB
1,bevérzik,VERB
1,bevall,VERB
1,bevág,VERB
1,beuszik,VERB
1,betöm,VERB
1,betéved,VERB
1,betellik,VERB
1,beszélget,VERB
1,besüpped,VERB
1,besoroztat,VERB
1,bérel,VERB
1,bereked,VERB
1,beomlik,VERB
1,beolvad,VERB
1,beöltözik,VERB
1,benyúl,VERB
1,benéz,VERB
1,bemászik,VERB
1,bemárt,VERB
1,belovagol,VERB
1,belezabál,VERB
1,beleveszik,VERB
1,beletúr,VERB
1,beleszúr,VERB
1,beleszorul,VERB
1,beléreszket,VERB
1,belereszket,VERB
1,beleragad,VERB
1,belep,VERB
1,belepusztul,VERB
1,beléömlik,VERB
1,belenéz,VERB
1,belénevet,VERB
1,belenehezül,VERB
1,belelát,VERB
1,belekötöz,VERB
1,belehel,VERB
1,belegázol,VERB
1,belefon,VERB
1,beléfogózik,VERB
1,beleborzong,VERB
1,belé-belereccsen,VERB
1,bekopog,VERB
1,békít,VERB
1,behuny,VERB
1,béhavaz,VERB
1,beharsan,VERB
1,behallik,VERB
1,behallatszik,VERB
1,behajít,VERB
1,begyűjt,VERB
1,begyújt,VERB
1,Begyujt,VERB
1,begyujt,VERB
1,begyepesedik,VERB
1,begurul,VERB
1,befüz,VERB
1,befüt,VERB
1,befog,VERB
1,befogad,VERB
1,befejez,VERB
1,befed,VERB
1,beesteledik,VERB
1,beejt,VERB
1,bedobál,VERB
1,becsül,VERB
1,becsönget,VERB
1,becsomagol,VERB
1,becsíp,VERB
1,becsap,VERB
1,bebúvik,VERB
1,bebujtat,VERB
1,beborul,VERB
1,beboronál,VERB
1,béborít,VERB
1,beborít,VERB
1,barangol,VERB
1,bámészkodik,VERB
1,balkez,VERB
1,baktat,VERB
1,bacchanál,VERB
1,áztat,VERB
1,átváltozik,VERB
1,átugrik,VERB
1,átszúr,VERB
1,átszüremlik,VERB
1,átszáll,VERB
1,átsüt,VERB
1,átsugárzik,VERB
1,átölel,VERB
1,átmulatozik,VERB
1,átmegy,VERB
1,átlát,VERB
1,átizzad,VERB
1,átél,VERB
1,átcsillog,VERB
1,átcikkan,VERB
1,átal,VERB
1,átalfolyik,VERB
1,aszik,VERB
1,ásit,VERB
1,árt,VERB
1,arravár,VERB
1,arrabök,VERB
1,árnyékol,VERB
1,árkol,VERB
1,áraszt,VERB
1,áradat,VERB
1,apol,VERB
1,apaszt,VERB
1,ámul,VERB
1,altat,VERB
1,általcsillan,VERB
1,álmamér,VERB
1,álldogál,VERB
1,állapit,VERB
1,alkonyúl,VERB
1,alkonyul,VERB
1,áldoz,VERB
1,alászáll,VERB
1,alakul,VERB
1,alakít,VERB
1,aláír,VERB
1,aláhull,VERB
1,akaródik,VERB
1,ájul,VERB
1,ajándékoz,VERB
1,áhi,VERB
1,agyonmar,VERB
1,agyonlövet,VERB
1,aggódik,VERB
1,aggat,VERB
1,adogat,VERB
1,adnom,VERB
1,adat,VERB
1,adakozik,VERB
1,ácsorog,VERB
1,abbahagy,VERB
